T01	/root/workspace/DevTools/k/007_kubernetes_deployment/01_Theory/images/01-opening-manual-swap-stumble.png	/root/workspace/DevTools/k/logs/007_deployment/img/T01.prompt
T02	/root/workspace/DevTools/k/007_kubernetes_deployment/01_Theory/images/02-rs-template-no-change.png	/root/workspace/DevTools/k/logs/007_deployment/img/T02.prompt
T03	/root/workspace/DevTools/k/007_kubernetes_deployment/01_Theory/images/03-new-metaphor-legend.png	/root/workspace/DevTools/k/logs/007_deployment/img/T03.prompt
T04	/root/workspace/DevTools/k/007_kubernetes_deployment/01_Theory/images/04-deploy-hierarchy.png	/root/workspace/DevTools/k/logs/007_deployment/img/T04.prompt
T05	/root/workspace/DevTools/k/007_kubernetes_deployment/01_Theory/images/05-do-not-edit-owned-rs.png	/root/workspace/DevTools/k/logs/007_deployment/img/T05.prompt
T06	/root/workspace/DevTools/k/007_kubernetes_deployment/01_Theory/images/06-deploy-manifest-anatomy.png	/root/workspace/DevTools/k/logs/007_deployment/img/T06.prompt
T07	/root/workspace/DevTools/k/007_kubernetes_deployment/01_Theory/images/07-create-dry-run.png	/root/workspace/DevTools/k/logs/007_deployment/img/T07.prompt
T08	/root/workspace/DevTools/k/007_kubernetes_deployment/01_Theory/images/08-ready-uptodate-available.png	/root/workspace/DevTools/k/logs/007_deployment/img/T08.prompt
T09	/root/workspace/DevTools/k/007_kubernetes_deployment/01_Theory/images/09-pod-template-hash.png	/root/workspace/DevTools/k/logs/007_deployment/img/T09.prompt
T10	/root/workspace/DevTools/k/007_kubernetes_deployment/01_Theory/images/10-what-triggers-rollout.png	/root/workspace/DevTools/k/logs/007_deployment/img/T10.prompt
T11	/root/workspace/DevTools/k/007_kubernetes_deployment/01_Theory/images/11-rolling-update-steps.png	/root/workspace/DevTools/k/logs/007_deployment/img/T11.prompt
T12	/root/workspace/DevTools/k/007_kubernetes_deployment/01_Theory/images/12-max-surge-unavailable.png	/root/workspace/DevTools/k/logs/007_deployment/img/T12.prompt
T13	/root/workspace/DevTools/k/007_kubernetes_deployment/01_Theory/images/13-recreate-vs-rolling.png	/root/workspace/DevTools/k/logs/007_deployment/img/T13.prompt
T14	/root/workspace/DevTools/k/007_kubernetes_deployment/01_Theory/images/14-recreate-for-db.png	/root/workspace/DevTools/k/logs/007_deployment/img/T14.prompt
T15	/root/workspace/DevTools/k/007_kubernetes_deployment/01_Theory/images/15-readiness-gates-rollout.png	/root/workspace/DevTools/k/logs/007_deployment/img/T15.prompt
T16	/root/workspace/DevTools/k/007_kubernetes_deployment/01_Theory/images/16-probe-roles.png	/root/workspace/DevTools/k/logs/007_deployment/img/T16.prompt
T17	/root/workspace/DevTools/k/007_kubernetes_deployment/01_Theory/images/17-termination-timeline.png	/root/workspace/DevTools/k/logs/007_deployment/img/T17.prompt
T18	/root/workspace/DevTools/k/007_kubernetes_deployment/01_Theory/images/18-zero-downtime.png	/root/workspace/DevTools/k/logs/007_deployment/img/T18.prompt
T19	/root/workspace/DevTools/k/007_kubernetes_deployment/01_Theory/images/19-progress-deadline.png	/root/workspace/DevTools/k/logs/007_deployment/img/T19.prompt
T20	/root/workspace/DevTools/k/007_kubernetes_deployment/01_Theory/images/20-no-auto-rollback.png	/root/workspace/DevTools/k/logs/007_deployment/img/T20.prompt
T21	/root/workspace/DevTools/k/007_kubernetes_deployment/01_Theory/images/21-rollout-history.png	/root/workspace/DevTools/k/logs/007_deployment/img/T21.prompt
T22	/root/workspace/DevTools/k/007_kubernetes_deployment/01_Theory/images/22-change-cause-trap.png	/root/workspace/DevTools/k/logs/007_deployment/img/T22.prompt
T23	/root/workspace/DevTools/k/007_kubernetes_deployment/01_Theory/images/23-rollout-undo.png	/root/workspace/DevTools/k/logs/007_deployment/img/T23.prompt
T24	/root/workspace/DevTools/k/007_kubernetes_deployment/01_Theory/images/24-last-applied-warning.png	/root/workspace/DevTools/k/logs/007_deployment/img/T24.prompt
T25	/root/workspace/DevTools/k/007_kubernetes_deployment/01_Theory/images/25-pause-resume.png	/root/workspace/DevTools/k/logs/007_deployment/img/T25.prompt
T26	/root/workspace/DevTools/k/007_kubernetes_deployment/01_Theory/images/26-revision-history-limit.png	/root/workspace/DevTools/k/logs/007_deployment/img/T26.prompt
T27	/root/workspace/DevTools/k/007_kubernetes_deployment/01_Theory/images/27-ways-to-change.png	/root/workspace/DevTools/k/logs/007_deployment/img/T27.prompt
T28	/root/workspace/DevTools/k/007_kubernetes_deployment/01_Theory/images/28-apply-overwrites-replicas.png	/root/workspace/DevTools/k/logs/007_deployment/img/T28.prompt
T29	/root/workspace/DevTools/k/007_kubernetes_deployment/01_Theory/images/29-adopt-rs.png	/root/workspace/DevTools/k/logs/007_deployment/img/T29.prompt
T30	/root/workspace/DevTools/k/007_kubernetes_deployment/01_Theory/images/30-orphan-alternative.png	/root/workspace/DevTools/k/logs/007_deployment/img/T30.prompt
T31	/root/workspace/DevTools/k/007_kubernetes_deployment/01_Theory/images/31-failure-modes.png	/root/workspace/DevTools/k/logs/007_deployment/img/T31.prompt
T32	/root/workspace/DevTools/k/007_kubernetes_deployment/01_Theory/images/32-blue-green.png	/root/workspace/DevTools/k/logs/007_deployment/img/T32.prompt
T33	/root/workspace/DevTools/k/007_kubernetes_deployment/01_Theory/images/33-canary-by-label.png	/root/workspace/DevTools/k/logs/007_deployment/img/T33.prompt
T34	/root/workspace/DevTools/k/007_kubernetes_deployment/01_Theory/images/34-decision-table.png	/root/workspace/DevTools/k/logs/007_deployment/img/T34.prompt
T35	/root/workspace/DevTools/k/007_kubernetes_deployment/01_Theory/images/35-command-cheatsheet.png	/root/workspace/DevTools/k/logs/007_deployment/img/T35.prompt
T36	/root/workspace/DevTools/k/007_kubernetes_deployment/01_Theory/images/36-next-chapter.png	/root/workspace/DevTools/k/logs/007_deployment/img/T36.prompt
L01	/root/workspace/DevTools/k/007_kubernetes_deployment/02_LAB/images/01-lab0-prepare.png	/root/workspace/DevTools/k/logs/007_deployment/img/L01.prompt
L02	/root/workspace/DevTools/k/007_kubernetes_deployment/02_LAB/images/02-lab1-first-deployment.png	/root/workspace/DevTools/k/logs/007_deployment/img/L02.prompt
L03	/root/workspace/DevTools/k/007_kubernetes_deployment/02_LAB/images/03-lab1-rs-scale-reverted.png	/root/workspace/DevTools/k/logs/007_deployment/img/L03.prompt
L04	/root/workspace/DevTools/k/007_kubernetes_deployment/02_LAB/images/04-lab2-rolling-rs.png	/root/workspace/DevTools/k/logs/007_deployment/img/L04.prompt
L05	/root/workspace/DevTools/k/007_kubernetes_deployment/02_LAB/images/05-lab2-client-sees-mix.png	/root/workspace/DevTools/k/logs/007_deployment/img/L05.prompt
L06	/root/workspace/DevTools/k/007_kubernetes_deployment/02_LAB/images/06-lab3-history-undo.png	/root/workspace/DevTools/k/logs/007_deployment/img/L06.prompt
L07	/root/workspace/DevTools/k/007_kubernetes_deployment/02_LAB/images/07-lab3-pause-restart.png	/root/workspace/DevTools/k/logs/007_deployment/img/L07.prompt
L08	/root/workspace/DevTools/k/007_kubernetes_deployment/02_LAB/images/08-lab4-strategies.png	/root/workspace/DevTools/k/logs/007_deployment/img/L08.prompt
L09	/root/workspace/DevTools/k/007_kubernetes_deployment/02_LAB/images/09-lab5-readiness-minready.png	/root/workspace/DevTools/k/logs/007_deployment/img/L09.prompt
L10	/root/workspace/DevTools/k/007_kubernetes_deployment/02_LAB/images/10-lab6-broken-rollout.png	/root/workspace/DevTools/k/logs/007_deployment/img/L10.prompt
L11	/root/workspace/DevTools/k/007_kubernetes_deployment/02_LAB/images/11-lab7-zero-downtime.png	/root/workspace/DevTools/k/logs/007_deployment/img/L11.prompt
L12	/root/workspace/DevTools/k/007_kubernetes_deployment/02_LAB/images/12-lab8-migrate-rs.png	/root/workspace/DevTools/k/logs/007_deployment/img/L12.prompt
L13	/root/workspace/DevTools/k/007_kubernetes_deployment/02_LAB/images/13-lab9-blue-green-canary.png	/root/workspace/DevTools/k/logs/007_deployment/img/L13.prompt
L14	/root/workspace/DevTools/k/007_kubernetes_deployment/02_LAB/images/14-lab10-architecture.png	/root/workspace/DevTools/k/logs/007_deployment/img/L14.prompt
L15	/root/workspace/DevTools/k/007_kubernetes_deployment/02_LAB/images/15-lab10-start-from-rs.png	/root/workspace/DevTools/k/logs/007_deployment/img/L15.prompt
L16	/root/workspace/DevTools/k/007_kubernetes_deployment/02_LAB/images/16-lab10-convert-to-deployment.png	/root/workspace/DevTools/k/logs/007_deployment/img/L16.prompt
L17	/root/workspace/DevTools/k/007_kubernetes_deployment/02_LAB/images/17-lab10-rollout-1-3.png	/root/workspace/DevTools/k/logs/007_deployment/img/L17.prompt
L18	/root/workspace/DevTools/k/007_kubernetes_deployment/02_LAB/images/18-lab10-shop-1-3-page.png	/root/workspace/DevTools/k/logs/007_deployment/img/L18.prompt
L19	/root/workspace/DevTools/k/007_kubernetes_deployment/02_LAB/images/19-lab10-history-undo.png	/root/workspace/DevTools/k/logs/007_deployment/img/L19.prompt
L20	/root/workspace/DevTools/k/007_kubernetes_deployment/02_LAB/images/20-lab10-broken-1-4.png	/root/workspace/DevTools/k/logs/007_deployment/img/L20.prompt
L21	/root/workspace/DevTools/k/007_kubernetes_deployment/02_LAB/images/21-lab10-scale-3-to-5.png	/root/workspace/DevTools/k/logs/007_deployment/img/L21.prompt
L22	/root/workspace/DevTools/k/007_kubernetes_deployment/02_LAB/images/22-lab10-db-lost-restart.png	/root/workspace/DevTools/k/logs/007_deployment/img/L22.prompt
L23	/root/workspace/DevTools/k/007_kubernetes_deployment/02_LAB/images/23-lab10-wrap-up.png	/root/workspace/DevTools/k/logs/007_deployment/img/L23.prompt
