T01	/root/workspace/DevTools/k/012_kubernetes_ingress/01_Theory/images/01-opening-front-gate.png	/root/workspace/DevTools/k/logs/012_ingress/img/T01.prompt
T02	/root/workspace/DevTools/k/012_kubernetes_ingress/01_Theory/images/02-recap-many-doors.png	/root/workspace/DevTools/k/logs/012_ingress/img/T02.prompt
T03	/root/workspace/DevTools/k/012_kubernetes_ingress/01_Theory/images/03-metaphor-legend.png	/root/workspace/DevTools/k/logs/012_ingress/img/T03.prompt
T04	/root/workspace/DevTools/k/012_kubernetes_ingress/01_Theory/images/04-story-goal-names.png	/root/workspace/DevTools/k/logs/012_ingress/img/T04.prompt
T05	/root/workspace/DevTools/k/012_kubernetes_ingress/01_Theory/images/05-nodeport-sprawl.png	/root/workspace/DevTools/k/logs/012_ingress/img/T05.prompt
T06	/root/workspace/DevTools/k/012_kubernetes_ingress/01_Theory/images/06-loadbalancer-per-service.png	/root/workspace/DevTools/k/logs/012_ingress/img/T06.prompt
T07	/root/workspace/DevTools/k/012_kubernetes_ingress/01_Theory/images/07-one-gate-many-counters.png	/root/workspace/DevTools/k/logs/012_ingress/img/T07.prompt
T08	/root/workspace/DevTools/k/012_kubernetes_ingress/01_Theory/images/08-l4-vs-l7.png	/root/workspace/DevTools/k/logs/012_ingress/img/T08.prompt
T09	/root/workspace/DevTools/k/012_kubernetes_ingress/01_Theory/images/09-http-request-anatomy.png	/root/workspace/DevTools/k/logs/012_ingress/img/T09.prompt
T10	/root/workspace/DevTools/k/012_kubernetes_ingress/01_Theory/images/10-sign-without-receptionist.png	/root/workspace/DevTools/k/logs/012_ingress/img/T10.prompt
T11	/root/workspace/DevTools/k/012_kubernetes_ingress/01_Theory/images/11-controller-watches-api.png	/root/workspace/DevTools/k/logs/012_ingress/img/T11.prompt
T12	/root/workspace/DevTools/k/012_kubernetes_ingress/01_Theory/images/12-controller-is-a-pod.png	/root/workspace/DevTools/k/logs/012_ingress/img/T12.prompt
T13	/root/workspace/DevTools/k/012_kubernetes_ingress/01_Theory/images/13-controller-choices.png	/root/workspace/DevTools/k/logs/012_ingress/img/T13.prompt
T14	/root/workspace/DevTools/k/012_kubernetes_ingress/01_Theory/images/14-ingress-nginx-retired.png	/root/workspace/DevTools/k/logs/012_ingress/img/T14.prompt
T15	/root/workspace/DevTools/k/012_kubernetes_ingress/01_Theory/images/15-why-traefik.png	/root/workspace/DevTools/k/logs/012_ingress/img/T15.prompt
T16	/root/workspace/DevTools/k/012_kubernetes_ingress/01_Theory/images/16-ingressclass-uniform.png	/root/workspace/DevTools/k/logs/012_ingress/img/T16.prompt
T17	/root/workspace/DevTools/k/012_kubernetes_ingress/01_Theory/images/17-default-class.png	/root/workspace/DevTools/k/logs/012_ingress/img/T17.prompt
T18	/root/workspace/DevTools/k/012_kubernetes_ingress/01_Theory/images/18-wrong-class.png	/root/workspace/DevTools/k/logs/012_ingress/img/T18.prompt
T19	/root/workspace/DevTools/k/012_kubernetes_ingress/01_Theory/images/19-ingress-yaml-anatomy.png	/root/workspace/DevTools/k/logs/012_ingress/img/T19.prompt
T20	/root/workspace/DevTools/k/012_kubernetes_ingress/01_Theory/images/20-backend-port-name-number.png	/root/workspace/DevTools/k/logs/012_ingress/img/T20.prompt
T21	/root/workspace/DevTools/k/012_kubernetes_ingress/01_Theory/images/21-clusterip-enough.png	/root/workspace/DevTools/k/logs/012_ingress/img/T21.prompt
T22	/root/workspace/DevTools/k/012_kubernetes_ingress/01_Theory/images/22-name-based-vhost.png	/root/workspace/DevTools/k/logs/012_ingress/img/T22.prompt
T23	/root/workspace/DevTools/k/012_kubernetes_ingress/01_Theory/images/23-localhost-subdomain.png	/root/workspace/DevTools/k/logs/012_ingress/img/T23.prompt
T24	/root/workspace/DevTools/k/012_kubernetes_ingress/01_Theory/images/24-host-fallback.png	/root/workspace/DevTools/k/logs/012_ingress/img/T24.prompt
T25	/root/workspace/DevTools/k/012_kubernetes_ingress/01_Theory/images/25-path-fanout.png	/root/workspace/DevTools/k/logs/012_ingress/img/T25.prompt
T26	/root/workspace/DevTools/k/012_kubernetes_ingress/01_Theory/images/26-path-precedence.png	/root/workspace/DevTools/k/logs/012_ingress/img/T26.prompt
T27	/root/workspace/DevTools/k/012_kubernetes_ingress/01_Theory/images/27-pathtype-three.png	/root/workspace/DevTools/k/logs/012_ingress/img/T27.prompt
T28	/root/workspace/DevTools/k/012_kubernetes_ingress/01_Theory/images/28-prefix-element-match.png	/root/workspace/DevTools/k/logs/012_ingress/img/T28.prompt
T29	/root/workspace/DevTools/k/012_kubernetes_ingress/01_Theory/images/29-trailing-slash-exact.png	/root/workspace/DevTools/k/logs/012_ingress/img/T29.prompt
T30	/root/workspace/DevTools/k/012_kubernetes_ingress/01_Theory/images/30-strict-prefix-traefik.png	/root/workspace/DevTools/k/logs/012_ingress/img/T30.prompt
T31	/root/workspace/DevTools/k/012_kubernetes_ingress/01_Theory/images/31-default-backend-lost-found.png	/root/workspace/DevTools/k/logs/012_ingress/img/T31.prompt
T32	/root/workspace/DevTools/k/012_kubernetes_ingress/01_Theory/images/32-status-404-503-502.png	/root/workspace/DevTools/k/logs/012_ingress/img/T32.prompt
T33	/root/workspace/DevTools/k/012_kubernetes_ingress/01_Theory/images/33-tls-termination.png	/root/workspace/DevTools/k/logs/012_ingress/img/T33.prompt
T34	/root/workspace/DevTools/k/012_kubernetes_ingress/01_Theory/images/34-sni-cert-choice.png	/root/workspace/DevTools/k/logs/012_ingress/img/T34.prompt
T35	/root/workspace/DevTools/k/012_kubernetes_ingress/01_Theory/images/35-san-multi-name.png	/root/workspace/DevTools/k/logs/012_ingress/img/T35.prompt
T36	/root/workspace/DevTools/k/012_kubernetes_ingress/01_Theory/images/36-redirect-301.png	/root/workspace/DevTools/k/logs/012_ingress/img/T36.prompt
T37	/root/workspace/DevTools/k/012_kubernetes_ingress/01_Theory/images/37-redirect-port-gotcha.png	/root/workspace/DevTools/k/logs/012_ingress/img/T37.prompt
T38	/root/workspace/DevTools/k/012_kubernetes_ingress/01_Theory/images/38-standard-vs-specific.png	/root/workspace/DevTools/k/logs/012_ingress/img/T38.prompt
T39	/root/workspace/DevTools/k/012_kubernetes_ingress/01_Theory/images/39-middleware-chain.png	/root/workspace/DevTools/k/logs/012_ingress/img/T39.prompt
T40	/root/workspace/DevTools/k/012_kubernetes_ingress/01_Theory/images/40-basic-auth-secret.png	/root/workspace/DevTools/k/logs/012_ingress/img/T40.prompt
T41	/root/workspace/DevTools/k/012_kubernetes_ingress/01_Theory/images/41-strip-prefix.png	/root/workspace/DevTools/k/logs/012_ingress/img/T41.prompt
T42	/root/workspace/DevTools/k/012_kubernetes_ingress/01_Theory/images/42-kind-port-map.png	/root/workspace/DevTools/k/logs/012_ingress/img/T42.prompt
T43	/root/workspace/DevTools/k/012_kubernetes_ingress/01_Theory/images/43-port-conflict.png	/root/workspace/DevTools/k/logs/012_ingress/img/T43.prompt
T44	/root/workspace/DevTools/k/012_kubernetes_ingress/01_Theory/images/44-install-order.png	/root/workspace/DevTools/k/logs/012_ingress/img/T44.prompt
T45	/root/workspace/DevTools/k/012_kubernetes_ingress/01_Theory/images/45-debug-toolkit.png	/root/workspace/DevTools/k/logs/012_ingress/img/T45.prompt
T46	/root/workspace/DevTools/k/012_kubernetes_ingress/01_Theory/images/46-zero-downtime.png	/root/workspace/DevTools/k/logs/012_ingress/img/T46.prompt
T47	/root/workspace/DevTools/k/012_kubernetes_ingress/01_Theory/images/47-without-prestop.png	/root/workspace/DevTools/k/logs/012_ingress/img/T47.prompt
T48	/root/workspace/DevTools/k/012_kubernetes_ingress/01_Theory/images/48-canary-weight.png	/root/workspace/DevTools/k/logs/012_ingress/img/T48.prompt
T49	/root/workspace/DevTools/k/012_kubernetes_ingress/01_Theory/images/49-ingress-limits.png	/root/workspace/DevTools/k/logs/012_ingress/img/T49.prompt
T50	/root/workspace/DevTools/k/012_kubernetes_ingress/01_Theory/images/50-gateway-api-roles.png	/root/workspace/DevTools/k/logs/012_ingress/img/T50.prompt
T51	/root/workspace/DevTools/k/012_kubernetes_ingress/01_Theory/images/51-comparison-table.png	/root/workspace/DevTools/k/logs/012_ingress/img/T51.prompt
T52	/root/workspace/DevTools/k/012_kubernetes_ingress/01_Theory/images/52-best-practices.png	/root/workspace/DevTools/k/logs/012_ingress/img/T52.prompt
T53	/root/workspace/DevTools/k/012_kubernetes_ingress/01_Theory/images/53-chapter-summary.png	/root/workspace/DevTools/k/logs/012_ingress/img/T53.prompt
L01	/root/workspace/DevTools/k/012_kubernetes_ingress/02_LAB/images/01-lab0-prepare.png	/root/workspace/DevTools/k/logs/012_ingress/img/L01.prompt
L02	/root/workspace/DevTools/k/012_kubernetes_ingress/02_LAB/images/02-lab1-open.png	/root/workspace/DevTools/k/logs/012_ingress/img/L02.prompt
L03	/root/workspace/DevTools/k/012_kubernetes_ingress/02_LAB/images/03-lab1-result.png	/root/workspace/DevTools/k/logs/012_ingress/img/L03.prompt
L04	/root/workspace/DevTools/k/012_kubernetes_ingress/02_LAB/images/04-lab1-port-conflict.png	/root/workspace/DevTools/k/logs/012_ingress/img/L04.prompt
L05	/root/workspace/DevTools/k/012_kubernetes_ingress/02_LAB/images/05-lab2-open.png	/root/workspace/DevTools/k/logs/012_ingress/img/L05.prompt
L06	/root/workspace/DevTools/k/012_kubernetes_ingress/02_LAB/images/06-lab2-host-header.png	/root/workspace/DevTools/k/logs/012_ingress/img/L06.prompt
L07	/root/workspace/DevTools/k/012_kubernetes_ingress/02_LAB/images/07-lab3-open.png	/root/workspace/DevTools/k/logs/012_ingress/img/L07.prompt
L08	/root/workspace/DevTools/k/012_kubernetes_ingress/02_LAB/images/08-lab3-result.png	/root/workspace/DevTools/k/logs/012_ingress/img/L08.prompt
L09	/root/workspace/DevTools/k/012_kubernetes_ingress/02_LAB/images/09-lab4-open.png	/root/workspace/DevTools/k/logs/012_ingress/img/L09.prompt
L10	/root/workspace/DevTools/k/012_kubernetes_ingress/02_LAB/images/10-lab5-open.png	/root/workspace/DevTools/k/logs/012_ingress/img/L10.prompt
L11	/root/workspace/DevTools/k/012_kubernetes_ingress/02_LAB/images/11-lab5-table.png	/root/workspace/DevTools/k/logs/012_ingress/img/L11.prompt
L12	/root/workspace/DevTools/k/012_kubernetes_ingress/02_LAB/images/12-lab6-open.png	/root/workspace/DevTools/k/logs/012_ingress/img/L12.prompt
L13	/root/workspace/DevTools/k/012_kubernetes_ingress/02_LAB/images/13-lab6-errors.png	/root/workspace/DevTools/k/logs/012_ingress/img/L13.prompt
L14	/root/workspace/DevTools/k/012_kubernetes_ingress/02_LAB/images/14-lab6-default-backend.png	/root/workspace/DevTools/k/logs/012_ingress/img/L14.prompt
L15	/root/workspace/DevTools/k/012_kubernetes_ingress/02_LAB/images/15-lab7-open.png	/root/workspace/DevTools/k/logs/012_ingress/img/L15.prompt
L16	/root/workspace/DevTools/k/012_kubernetes_ingress/02_LAB/images/16-lab7-results.png	/root/workspace/DevTools/k/logs/012_ingress/img/L16.prompt
L17	/root/workspace/DevTools/k/012_kubernetes_ingress/02_LAB/images/17-lab8-open.png	/root/workspace/DevTools/k/logs/012_ingress/img/L17.prompt
L18	/root/workspace/DevTools/k/012_kubernetes_ingress/02_LAB/images/18-lab8-results.png	/root/workspace/DevTools/k/logs/012_ingress/img/L18.prompt
L19	/root/workspace/DevTools/k/012_kubernetes_ingress/02_LAB/images/19-lab9-open.png	/root/workspace/DevTools/k/logs/012_ingress/img/L19.prompt
L20	/root/workspace/DevTools/k/012_kubernetes_ingress/02_LAB/images/20-lab9-contrast.png	/root/workspace/DevTools/k/logs/012_ingress/img/L20.prompt
L21	/root/workspace/DevTools/k/012_kubernetes_ingress/02_LAB/images/21-lab10-open.png	/root/workspace/DevTools/k/logs/012_ingress/img/L21.prompt
L22	/root/workspace/DevTools/k/012_kubernetes_ingress/02_LAB/images/22-lab10-before-after.png	/root/workspace/DevTools/k/logs/012_ingress/img/L22.prompt
L23	/root/workspace/DevTools/k/012_kubernetes_ingress/02_LAB/images/23-lab10-ports-cleanup.png	/root/workspace/DevTools/k/logs/012_ingress/img/L23.prompt
L24	/root/workspace/DevTools/k/012_kubernetes_ingress/02_LAB/images/24-lab10-tls-move.png	/root/workspace/DevTools/k/logs/012_ingress/img/L24.prompt
L25	/root/workspace/DevTools/k/012_kubernetes_ingress/02_LAB/images/25-lab10-admin.png	/root/workspace/DevTools/k/logs/012_ingress/img/L25.prompt
L26	/root/workspace/DevTools/k/012_kubernetes_ingress/02_LAB/images/26-lab10-redirect-browser.png	/root/workspace/DevTools/k/logs/012_ingress/img/L26.prompt
L27	/root/workspace/DevTools/k/012_kubernetes_ingress/02_LAB/images/27-lab10-rolling.png	/root/workspace/DevTools/k/logs/012_ingress/img/L27.prompt
L28	/root/workspace/DevTools/k/012_kubernetes_ingress/02_LAB/images/28-lab10-checklist.png	/root/workspace/DevTools/k/logs/012_ingress/img/L28.prompt
L29	/root/workspace/DevTools/k/012_kubernetes_ingress/02_LAB/images/29-lab10-wrap-up.png	/root/workspace/DevTools/k/logs/012_ingress/img/L29.prompt
L30	/root/workspace/DevTools/k/012_kubernetes_ingress/02_LAB/images/30-labx-gateway-open.png	/root/workspace/DevTools/k/logs/012_ingress/img/L30.prompt
L31	/root/workspace/DevTools/k/012_kubernetes_ingress/02_LAB/images/31-labx-gateway-result.png	/root/workspace/DevTools/k/logs/012_ingress/img/L31.prompt
