T01	/root/workspace/DevTools/k/002_kubernetes_pod/01_Theory/images/01-opening-som-dream-shop.png	/root/workspace/DevTools/k/logs/002_pod/img/T01.prompt
T02	/root/workspace/DevTools/k/002_kubernetes_pod/01_Theory/images/02-harbor-metaphor-map.png	/root/workspace/DevTools/k/logs/002_pod/img/T02.prompt
T03	/root/workspace/DevTools/k/002_kubernetes_pod/01_Theory/images/03-what-is-a-pod.png	/root/workspace/DevTools/k/logs/002_pod/img/T03.prompt
T04	/root/workspace/DevTools/k/002_kubernetes_pod/01_Theory/images/04-why-pod-not-container.png	/root/workspace/DevTools/k/logs/002_pod/img/T04.prompt
T05	/root/workspace/DevTools/k/002_kubernetes_pod/01_Theory/images/05-pod-lives-on-one-node.png	/root/workspace/DevTools/k/logs/002_pod/img/T05.prompt
T06	/root/workspace/DevTools/k/002_kubernetes_pod/01_Theory/images/06-pod-shared-network-localhost.png	/root/workspace/DevTools/k/logs/002_pod/img/T06.prompt
T07	/root/workspace/DevTools/k/002_kubernetes_pod/01_Theory/images/07-pod-to-pod-ip.png	/root/workspace/DevTools/k/logs/002_pod/img/T07.prompt
T08	/root/workspace/DevTools/k/002_kubernetes_pod/01_Theory/images/08-pod-creation-journey.png	/root/workspace/DevTools/k/logs/002_pod/img/T08.prompt
T09	/root/workspace/DevTools/k/002_kubernetes_pod/01_Theory/images/09-yaml-syntax-basics.png	/root/workspace/DevTools/k/logs/002_pod/img/T09.prompt
T10	/root/workspace/DevTools/k/002_kubernetes_pod/01_Theory/images/10-yaml-common-mistakes.png	/root/workspace/DevTools/k/logs/002_pod/img/T10.prompt
T11	/root/workspace/DevTools/k/002_kubernetes_pod/01_Theory/images/11-manifest-four-parts.png	/root/workspace/DevTools/k/logs/002_pod/img/T11.prompt
T12	/root/workspace/DevTools/k/002_kubernetes_pod/01_Theory/images/12-spec-vs-status.png	/root/workspace/DevTools/k/logs/002_pod/img/T12.prompt
T13	/root/workspace/DevTools/k/002_kubernetes_pod/01_Theory/images/13-container-image-ports.png	/root/workspace/DevTools/k/logs/002_pod/img/T13.prompt
T14	/root/workspace/DevTools/k/002_kubernetes_pod/01_Theory/images/14-env-variables.png	/root/workspace/DevTools/k/logs/002_pod/img/T14.prompt
T15	/root/workspace/DevTools/k/002_kubernetes_pod/01_Theory/images/15-command-args-override.png	/root/workspace/DevTools/k/logs/002_pod/img/T15.prompt
T16	/root/workspace/DevTools/k/002_kubernetes_pod/01_Theory/images/16-resources-requests-limits.png	/root/workspace/DevTools/k/logs/002_pod/img/T16.prompt
T17	/root/workspace/DevTools/k/002_kubernetes_pod/01_Theory/images/17-labels-selectors.png	/root/workspace/DevTools/k/logs/002_pod/img/T17.prompt
T18	/root/workspace/DevTools/k/002_kubernetes_pod/01_Theory/images/18-kubectl-explain-dry-run.png	/root/workspace/DevTools/k/logs/002_pod/img/T18.prompt
T19	/root/workspace/DevTools/k/002_kubernetes_pod/01_Theory/images/19-pod-phases.png	/root/workspace/DevTools/k/logs/002_pod/img/T19.prompt
T20	/root/workspace/DevTools/k/002_kubernetes_pod/01_Theory/images/20-container-states-restartpolicy.png	/root/workspace/DevTools/k/logs/002_pod/img/T20.prompt
T21	/root/workspace/DevTools/k/002_kubernetes_pod/01_Theory/images/21-crashloopbackoff.png	/root/workspace/DevTools/k/logs/002_pod/img/T21.prompt
T22	/root/workspace/DevTools/k/002_kubernetes_pod/01_Theory/images/22-imagepullbackoff.png	/root/workspace/DevTools/k/logs/002_pod/img/T22.prompt
T23	/root/workspace/DevTools/k/002_kubernetes_pod/01_Theory/images/23-probes-three-inspectors.png	/root/workspace/DevTools/k/logs/002_pod/img/T23.prompt
T24	/root/workspace/DevTools/k/002_kubernetes_pod/01_Theory/images/24-probe-mechanisms.png	/root/workspace/DevTools/k/logs/002_pod/img/T24.prompt
T25	/root/workspace/DevTools/k/002_kubernetes_pod/01_Theory/images/25-emptydir-shared-shelf.png	/root/workspace/DevTools/k/logs/002_pod/img/T25.prompt
T26	/root/workspace/DevTools/k/002_kubernetes_pod/01_Theory/images/26-init-containers.png	/root/workspace/DevTools/k/logs/002_pod/img/T26.prompt
T27	/root/workspace/DevTools/k/002_kubernetes_pod/01_Theory/images/27-sidecar-pattern.png	/root/workspace/DevTools/k/logs/002_pod/img/T27.prompt
T28	/root/workspace/DevTools/k/002_kubernetes_pod/01_Theory/images/28-debug-toolkit.png	/root/workspace/DevTools/k/logs/002_pod/img/T28.prompt
T29	/root/workspace/DevTools/k/002_kubernetes_pod/01_Theory/images/29-port-forward-ssh-tunnel.png	/root/workspace/DevTools/k/logs/002_pod/img/T29.prompt
T30	/root/workspace/DevTools/k/002_kubernetes_pod/01_Theory/images/30-pod-is-ephemeral.png	/root/workspace/DevTools/k/logs/002_pod/img/T30.prompt
T31	/root/workspace/DevTools/k/002_kubernetes_pod/01_Theory/images/31-next-chapter-preview.png	/root/workspace/DevTools/k/logs/002_pod/img/T31.prompt
T32	/root/workspace/DevTools/k/002_kubernetes_pod/01_Theory/images/32-chapter-summary.png	/root/workspace/DevTools/k/logs/002_pod/img/T32.prompt
L01	/root/workspace/DevTools/k/002_kubernetes_pod/02_LAB/images/01-lab0-cluster-up.png	/root/workspace/DevTools/k/logs/002_pod/img/L01.prompt
L02	/root/workspace/DevTools/k/002_kubernetes_pod/02_LAB/images/02-lab1-kubectl-run.png	/root/workspace/DevTools/k/logs/002_pod/img/L02.prompt
L03	/root/workspace/DevTools/k/002_kubernetes_pod/02_LAB/images/03-lab2-first-yaml.png	/root/workspace/DevTools/k/logs/002_pod/img/L03.prompt
L04	/root/workspace/DevTools/k/002_kubernetes_pod/02_LAB/images/04-lab3-exec-logs-portforward.png	/root/workspace/DevTools/k/logs/002_pod/img/L04.prompt
L05	/root/workspace/DevTools/k/002_kubernetes_pod/02_LAB/images/05-lab4-labels.png	/root/workspace/DevTools/k/logs/002_pod/img/L05.prompt
L06	/root/workspace/DevTools/k/002_kubernetes_pod/02_LAB/images/06-lab5-lifecycle-debug.png	/root/workspace/DevTools/k/logs/002_pod/img/L06.prompt
L07	/root/workspace/DevTools/k/002_kubernetes_pod/02_LAB/images/07-lab6-env-command-resources.png	/root/workspace/DevTools/k/logs/002_pod/img/L07.prompt
L08	/root/workspace/DevTools/k/002_kubernetes_pod/02_LAB/images/08-lab7-probes.png	/root/workspace/DevTools/k/logs/002_pod/img/L08.prompt
L09	/root/workspace/DevTools/k/002_kubernetes_pod/02_LAB/images/09-lab8-multi-container.png	/root/workspace/DevTools/k/logs/002_pod/img/L09.prompt
L10	/root/workspace/DevTools/k/002_kubernetes_pod/02_LAB/images/10-lab9-som-shop-storefront.png	/root/workspace/DevTools/k/logs/002_pod/img/L10.prompt
L11	/root/workspace/DevTools/k/002_kubernetes_pod/02_LAB/images/11-lab9-pod-architecture.png	/root/workspace/DevTools/k/logs/002_pod/img/L11.prompt
L12	/root/workspace/DevTools/k/002_kubernetes_pod/02_LAB/images/12-lab9-startup-order.png	/root/workspace/DevTools/k/logs/002_pod/img/L12.prompt
L13	/root/workspace/DevTools/k/002_kubernetes_pod/02_LAB/images/13-lab9-build-kind-load.png	/root/workspace/DevTools/k/logs/002_pod/img/L13.prompt
L14	/root/workspace/DevTools/k/002_kubernetes_pod/02_LAB/images/14-lab9-open-in-browser.png	/root/workspace/DevTools/k/logs/002_pod/img/L14.prompt
L15	/root/workspace/DevTools/k/002_kubernetes_pod/02_LAB/images/15-lab9-emptydir-survive-vs-lost.png	/root/workspace/DevTools/k/logs/002_pod/img/L15.prompt
L16	/root/workspace/DevTools/k/002_kubernetes_pod/02_LAB/images/16-lab9-next-split.png	/root/workspace/DevTools/k/logs/002_pod/img/L16.prompt
