T01	/root/workspace/DevTools/k/006_kubernetes_service/01_Theory/images/01-opening-booths-lost-customers.png	/root/workspace/DevTools/k/logs/006_service/img/T01.prompt
T02	/root/workspace/DevTools/k/006_kubernetes_service/01_Theory/images/02-service-metaphor-legend.png	/root/workspace/DevTools/k/logs/006_service/img/T02.prompt
T03	/root/workspace/DevTools/k/006_kubernetes_service/01_Theory/images/03-port-forward-per-pod.png	/root/workspace/DevTools/k/logs/006_service/img/T03.prompt
T04	/root/workspace/DevTools/k/006_kubernetes_service/01_Theory/images/04-why-service.png	/root/workspace/DevTools/k/logs/006_service/img/T04.prompt
T05	/root/workspace/DevTools/k/006_kubernetes_service/01_Theory/images/05-clusterip-virtual.png	/root/workspace/DevTools/k/logs/006_service/img/T05.prompt
T06	/root/workspace/DevTools/k/006_kubernetes_service/01_Theory/images/06-service-manifest-anatomy.png	/root/workspace/DevTools/k/logs/006_service/img/T06.prompt
T07	/root/workspace/DevTools/k/006_kubernetes_service/01_Theory/images/07-selector-endpointslice.png	/root/workspace/DevTools/k/logs/006_service/img/T07.prompt
T08	/root/workspace/DevTools/k/006_kubernetes_service/01_Theory/images/08-endpointslice-controller.png	/root/workspace/DevTools/k/logs/006_service/img/T08.prompt
T09	/root/workspace/DevTools/k/006_kubernetes_service/01_Theory/images/09-endpoints-deprecated.png	/root/workspace/DevTools/k/logs/006_service/img/T09.prompt
T10	/root/workspace/DevTools/k/006_kubernetes_service/01_Theory/images/10-service-cidr.png	/root/workspace/DevTools/k/logs/006_service/img/T10.prompt
T11	/root/workspace/DevTools/k/006_kubernetes_service/01_Theory/images/11-port-targetport-nodeport.png	/root/workspace/DevTools/k/logs/006_service/img/T11.prompt
T12	/root/workspace/DevTools/k/006_kubernetes_service/01_Theory/images/12-named-multi-port.png	/root/workspace/DevTools/k/logs/006_service/img/T12.prompt
T13	/root/workspace/DevTools/k/006_kubernetes_service/01_Theory/images/13-nodeport-every-node.png	/root/workspace/DevTools/k/logs/006_service/img/T13.prompt
T14	/root/workspace/DevTools/k/006_kubernetes_service/01_Theory/images/14-nodeport-path-from-browser.png	/root/workspace/DevTools/k/logs/006_service/img/T14.prompt
T15	/root/workspace/DevTools/k/006_kubernetes_service/01_Theory/images/15-nodeport-rules-errors.png	/root/workspace/DevTools/k/logs/006_service/img/T15.prompt
T16	/root/workspace/DevTools/k/006_kubernetes_service/01_Theory/images/16-loadbalancer-pending.png	/root/workspace/DevTools/k/logs/006_service/img/T16.prompt
T17	/root/workspace/DevTools/k/006_kubernetes_service/01_Theory/images/17-externalname-cname.png	/root/workspace/DevTools/k/logs/006_service/img/T17.prompt
T18	/root/workspace/DevTools/k/006_kubernetes_service/01_Theory/images/18-headless-phonebook.png	/root/workspace/DevTools/k/logs/006_service/img/T18.prompt
T19	/root/workspace/DevTools/k/006_kubernetes_service/01_Theory/images/19-service-dns-cross-ns.png	/root/workspace/DevTools/k/logs/006_service/img/T19.prompt
T20	/root/workspace/DevTools/k/006_kubernetes_service/01_Theory/images/20-resolv-search-ndots.png	/root/workspace/DevTools/k/logs/006_service/img/T20.prompt
T21	/root/workspace/DevTools/k/006_kubernetes_service/01_Theory/images/21-service-env-vars.png	/root/workspace/DevTools/k/logs/006_service/img/T21.prompt
T22	/root/workspace/DevTools/k/006_kubernetes_service/01_Theory/images/22-kube-proxy-signposts.png	/root/workspace/DevTools/k/logs/006_service/img/T22.prompt
T23	/root/workspace/DevTools/k/006_kubernetes_service/01_Theory/images/23-kube-proxy-watch-modes.png	/root/workspace/DevTools/k/logs/006_service/img/T23.prompt
T24	/root/workspace/DevTools/k/006_kubernetes_service/01_Theory/images/24-random-per-connection.png	/root/workspace/DevTools/k/logs/006_service/img/T24.prompt
T25	/root/workspace/DevTools/k/006_kubernetes_service/01_Theory/images/25-keepalive-one-connection.png	/root/workspace/DevTools/k/logs/006_service/img/T25.prompt
T26	/root/workspace/DevTools/k/006_kubernetes_service/01_Theory/images/26-session-affinity.png	/root/workspace/DevTools/k/logs/006_service/img/T26.prompt
T27	/root/workspace/DevTools/k/006_kubernetes_service/01_Theory/images/27-readiness-endpoints.png	/root/workspace/DevTools/k/logs/006_service/img/T27.prompt
T28	/root/workspace/DevTools/k/006_kubernetes_service/01_Theory/images/28-terminating-serving.png	/root/workspace/DevTools/k/logs/006_service/img/T28.prompt
T29	/root/workspace/DevTools/k/006_kubernetes_service/01_Theory/images/29-debug-ladder.png	/root/workspace/DevTools/k/logs/006_service/img/T29.prompt
T30	/root/workspace/DevTools/k/006_kubernetes_service/01_Theory/images/30-selector-mismatch-debug.png	/root/workspace/DevTools/k/logs/006_service/img/T30.prompt
T31	/root/workspace/DevTools/k/006_kubernetes_service/01_Theory/images/31-targetport-mismatch.png	/root/workspace/DevTools/k/logs/006_service/img/T31.prompt
T32	/root/workspace/DevTools/k/006_kubernetes_service/01_Theory/images/32-networkpolicy-after-dnat.png	/root/workspace/DevTools/k/logs/006_service/img/T32.prompt
T33	/root/workspace/DevTools/k/006_kubernetes_service/01_Theory/images/33-limits-remaining.png	/root/workspace/DevTools/k/logs/006_service/img/T33.prompt
T34	/root/workspace/DevTools/k/006_kubernetes_service/01_Theory/images/34-service-type-decision.png	/root/workspace/DevTools/k/logs/006_service/img/T34.prompt
T35	/root/workspace/DevTools/k/006_kubernetes_service/01_Theory/images/35-chapter-summary.png	/root/workspace/DevTools/k/logs/006_service/img/T35.prompt
T36	/root/workspace/DevTools/k/006_kubernetes_service/01_Theory/images/36-next-chapter-manager.png	/root/workspace/DevTools/k/logs/006_service/img/T36.prompt
L01	/root/workspace/DevTools/k/006_kubernetes_service/02_LAB/images/01-lab0-prepare.png	/root/workspace/DevTools/k/logs/006_service/img/L01.prompt
L02	/root/workspace/DevTools/k/006_kubernetes_service/02_LAB/images/02-lab1-ip-changes.png	/root/workspace/DevTools/k/logs/006_service/img/L02.prompt
L03	/root/workspace/DevTools/k/006_kubernetes_service/02_LAB/images/03-lab2-expose-endpointslice.png	/root/workspace/DevTools/k/logs/006_service/img/L03.prompt
L04	/root/workspace/DevTools/k/006_kubernetes_service/02_LAB/images/04-lab2-scale-endpoints-follow.png	/root/workspace/DevTools/k/logs/006_service/img/L04.prompt
L05	/root/workspace/DevTools/k/006_kubernetes_service/02_LAB/images/05-lab3-ports-named.png	/root/workspace/DevTools/k/logs/006_service/img/L05.prompt
L06	/root/workspace/DevTools/k/006_kubernetes_service/02_LAB/images/06-lab4-dns-env.png	/root/workspace/DevTools/k/logs/006_service/img/L06.prompt
L07	/root/workspace/DevTools/k/006_kubernetes_service/02_LAB/images/07-lab5-random-affinity.png	/root/workspace/DevTools/k/logs/006_service/img/L07.prompt
L08	/root/workspace/DevTools/k/006_kubernetes_service/02_LAB/images/08-lab6-not-ready.png	/root/workspace/DevTools/k/logs/006_service/img/L08.prompt
L09	/root/workspace/DevTools/k/006_kubernetes_service/02_LAB/images/09-lab7-debug.png	/root/workspace/DevTools/k/logs/006_service/img/L09.prompt
L10	/root/workspace/DevTools/k/006_kubernetes_service/02_LAB/images/10-lab8-nodeport-browser.png	/root/workspace/DevTools/k/logs/006_service/img/L10.prompt
L11	/root/workspace/DevTools/k/006_kubernetes_service/02_LAB/images/11-lab8-keepalive-lb.png	/root/workspace/DevTools/k/logs/006_service/img/L11.prompt
L12	/root/workspace/DevTools/k/006_kubernetes_service/02_LAB/images/12-lab9-cross-namespace.png	/root/workspace/DevTools/k/logs/006_service/img/L12.prompt
L13	/root/workspace/DevTools/k/006_kubernetes_service/02_LAB/images/13-lab9-headless-externalname.png	/root/workspace/DevTools/k/logs/006_service/img/L13.prompt
L14	/root/workspace/DevTools/k/006_kubernetes_service/02_LAB/images/14-lab9-networkpolicy-targetport.png	/root/workspace/DevTools/k/logs/006_service/img/L14.prompt
L15	/root/workspace/DevTools/k/006_kubernetes_service/02_LAB/images/15-lab10-architecture.png	/root/workspace/DevTools/k/logs/006_service/img/L15.prompt
L16	/root/workspace/DevTools/k/006_kubernetes_service/02_LAB/images/16-lab10-build-images.png	/root/workspace/DevTools/k/logs/006_service/img/L16.prompt
L17	/root/workspace/DevTools/k/006_kubernetes_service/02_LAB/images/17-lab10-db-service.png	/root/workspace/DevTools/k/logs/006_service/img/L17.prompt
L18	/root/workspace/DevTools/k/006_kubernetes_service/02_LAB/images/18-lab10-stock-shelves-once.png	/root/workspace/DevTools/k/logs/006_service/img/L18.prompt
L19	/root/workspace/DevTools/k/006_kubernetes_service/02_LAB/images/19-lab10-open-shop-30080.png	/root/workspace/DevTools/k/logs/006_service/img/L19.prompt
L20	/root/workspace/DevTools/k/006_kubernetes_service/02_LAB/images/20-lab10-hit-orders-shared.png	/root/workspace/DevTools/k/logs/006_service/img/L20.prompt
L21	/root/workspace/DevTools/k/006_kubernetes_service/02_LAB/images/21-lab10-scale-and-heal.png	/root/workspace/DevTools/k/logs/006_service/img/L21.prompt
L22	/root/workspace/DevTools/k/006_kubernetes_service/02_LAB/images/22-lab10-db-pod-lost-data.png	/root/workspace/DevTools/k/logs/006_service/img/L22.prompt
L23	/root/workspace/DevTools/k/006_kubernetes_service/02_LAB/images/23-lab10-manual-update-pain.png	/root/workspace/DevTools/k/logs/006_service/img/L23.prompt
L24	/root/workspace/DevTools/k/006_kubernetes_service/02_LAB/images/24-lab10-wrap-up-bridge.png	/root/workspace/DevTools/k/logs/006_service/img/L24.prompt
