T01	/root/workspace/DevTools/k/010_kubernetes_configmap/01_Theory/images/01-opening-notice-board.png	/root/workspace/DevTools/k/logs/010_configmap/img/T01.prompt
T02	/root/workspace/DevTools/k/010_kubernetes_configmap/01_Theory/images/02-recap-hardcoded-env.png	/root/workspace/DevTools/k/logs/010_configmap/img/T02.prompt
T03	/root/workspace/DevTools/k/010_kubernetes_configmap/01_Theory/images/03-metaphor-legend.png	/root/workspace/DevTools/k/logs/010_configmap/img/T03.prompt
T04	/root/workspace/DevTools/k/010_kubernetes_configmap/01_Theory/images/04-baked-into-image.png	/root/workspace/DevTools/k/logs/010_configmap/img/T04.prompt
T05	/root/workspace/DevTools/k/010_kubernetes_configmap/01_Theory/images/05-twelve-factor-config.png	/root/workspace/DevTools/k/logs/010_configmap/img/T05.prompt
T06	/root/workspace/DevTools/k/010_kubernetes_configmap/01_Theory/images/06-what-is-config.png	/root/workspace/DevTools/k/logs/010_configmap/img/T06.prompt
T07	/root/workspace/DevTools/k/010_kubernetes_configmap/01_Theory/images/07-configmap-anatomy.png	/root/workspace/DevTools/k/logs/010_configmap/img/T07.prompt
T08	/root/workspace/DevTools/k/010_kubernetes_configmap/01_Theory/images/08-size-limit.png	/root/workspace/DevTools/k/logs/010_configmap/img/T08.prompt
T09	/root/workspace/DevTools/k/010_kubernetes_configmap/01_Theory/images/09-namespaced.png	/root/workspace/DevTools/k/logs/010_configmap/img/T09.prompt
T10	/root/workspace/DevTools/k/010_kubernetes_configmap/01_Theory/images/10-not-for-secrets.png	/root/workspace/DevTools/k/logs/010_configmap/img/T10.prompt
T11	/root/workspace/DevTools/k/010_kubernetes_configmap/01_Theory/images/11-from-literal.png	/root/workspace/DevTools/k/logs/010_configmap/img/T11.prompt
T12	/root/workspace/DevTools/k/010_kubernetes_configmap/01_Theory/images/12-from-file.png	/root/workspace/DevTools/k/logs/010_configmap/img/T12.prompt
T13	/root/workspace/DevTools/k/010_kubernetes_configmap/01_Theory/images/13-from-env-file.png	/root/workspace/DevTools/k/logs/010_configmap/img/T13.prompt
T14	/root/workspace/DevTools/k/010_kubernetes_configmap/01_Theory/images/14-dry-run-yaml.png	/root/workspace/DevTools/k/logs/010_configmap/img/T14.prompt
T15	/root/workspace/DevTools/k/010_kubernetes_configmap/01_Theory/images/15-config-map-key-ref.png	/root/workspace/DevTools/k/logs/010_configmap/img/T15.prompt
T16	/root/workspace/DevTools/k/010_kubernetes_configmap/01_Theory/images/16-env-from-prefix.png	/root/workspace/DevTools/k/logs/010_configmap/img/T16.prompt
T17	/root/workspace/DevTools/k/010_kubernetes_configmap/01_Theory/images/17-args-var-expansion.png	/root/workspace/DevTools/k/logs/010_configmap/img/T17.prompt
T18	/root/workspace/DevTools/k/010_kubernetes_configmap/01_Theory/images/18-env-precedence.png	/root/workspace/DevTools/k/logs/010_configmap/img/T18.prompt
T19	/root/workspace/DevTools/k/010_kubernetes_configmap/01_Theory/images/19-key-names-env.png	/root/workspace/DevTools/k/logs/010_configmap/img/T19.prompt
T20	/root/workspace/DevTools/k/010_kubernetes_configmap/01_Theory/images/20-volume-whole.png	/root/workspace/DevTools/k/logs/010_configmap/img/T20.prompt
T21	/root/workspace/DevTools/k/010_kubernetes_configmap/01_Theory/images/21-volume-items.png	/root/workspace/DevTools/k/logs/010_configmap/img/T21.prompt
T22	/root/workspace/DevTools/k/010_kubernetes_configmap/01_Theory/images/22-default-mode.png	/root/workspace/DevTools/k/logs/010_configmap/img/T22.prompt
T23	/root/workspace/DevTools/k/010_kubernetes_configmap/01_Theory/images/23-subpath-single-file.png	/root/workspace/DevTools/k/logs/010_configmap/img/T23.prompt
T24	/root/workspace/DevTools/k/010_kubernetes_configmap/01_Theory/images/24-missing-configmap.png	/root/workspace/DevTools/k/logs/010_configmap/img/T24.prompt
T25	/root/workspace/DevTools/k/010_kubernetes_configmap/01_Theory/images/25-optional-true.png	/root/workspace/DevTools/k/logs/010_configmap/img/T25.prompt
T26	/root/workspace/DevTools/k/010_kubernetes_configmap/01_Theory/images/26-env-no-update.png	/root/workspace/DevTools/k/logs/010_configmap/img/T26.prompt
T27	/root/workspace/DevTools/k/010_kubernetes_configmap/01_Theory/images/27-volume-auto-update.png	/root/workspace/DevTools/k/logs/010_configmap/img/T27.prompt
T28	/root/workspace/DevTools/k/010_kubernetes_configmap/01_Theory/images/28-data-symlink-swap.png	/root/workspace/DevTools/k/logs/010_configmap/img/T28.prompt
T29	/root/workspace/DevTools/k/010_kubernetes_configmap/01_Theory/images/29-app-must-reload.png	/root/workspace/DevTools/k/logs/010_configmap/img/T29.prompt
T30	/root/workspace/DevTools/k/010_kubernetes_configmap/01_Theory/images/30-rollout-restart-checksum.png	/root/workspace/DevTools/k/logs/010_configmap/img/T30.prompt
T31	/root/workspace/DevTools/k/010_kubernetes_configmap/01_Theory/images/31-immutable.png	/root/workspace/DevTools/k/logs/010_configmap/img/T31.prompt
T32	/root/workspace/DevTools/k/010_kubernetes_configmap/01_Theory/images/32-kustomize-generator.png	/root/workspace/DevTools/k/logs/010_configmap/img/T32.prompt
T33	/root/workspace/DevTools/k/010_kubernetes_configmap/01_Theory/images/33-kube-system-examples.png	/root/workspace/DevTools/k/logs/010_configmap/img/T33.prompt
T34	/root/workspace/DevTools/k/010_kubernetes_configmap/01_Theory/images/34-cross-namespace.png	/root/workspace/DevTools/k/logs/010_configmap/img/T34.prompt
T35	/root/workspace/DevTools/k/010_kubernetes_configmap/01_Theory/images/35-rbac-configmap.png	/root/workspace/DevTools/k/logs/010_configmap/img/T35.prompt
T36	/root/workspace/DevTools/k/010_kubernetes_configmap/01_Theory/images/36-env-vs-volume.png	/root/workspace/DevTools/k/logs/010_configmap/img/T36.prompt
T37	/root/workspace/DevTools/k/010_kubernetes_configmap/01_Theory/images/37-best-practices.png	/root/workspace/DevTools/k/logs/010_configmap/img/T37.prompt
T38	/root/workspace/DevTools/k/010_kubernetes_configmap/01_Theory/images/38-summary-map.png	/root/workspace/DevTools/k/logs/010_configmap/img/T38.prompt
T39	/root/workspace/DevTools/k/010_kubernetes_configmap/01_Theory/images/39-command-cheatsheet.png	/root/workspace/DevTools/k/logs/010_configmap/img/T39.prompt
T40	/root/workspace/DevTools/k/010_kubernetes_configmap/01_Theory/images/40-next-chapter-password.png	/root/workspace/DevTools/k/logs/010_configmap/img/T40.prompt
L01	/root/workspace/DevTools/k/010_kubernetes_configmap/02_LAB/images/01-lab0-prepare.png	/root/workspace/DevTools/k/logs/010_configmap/img/L01.prompt
L02	/root/workspace/DevTools/k/010_kubernetes_configmap/02_LAB/images/02-lab1-create.png	/root/workspace/DevTools/k/logs/010_configmap/img/L02.prompt
L03	/root/workspace/DevTools/k/010_kubernetes_configmap/02_LAB/images/03-lab2-env-key.png	/root/workspace/DevTools/k/logs/010_configmap/img/L03.prompt
L04	/root/workspace/DevTools/k/010_kubernetes_configmap/02_LAB/images/04-lab3-envfrom.png	/root/workspace/DevTools/k/logs/010_configmap/img/L04.prompt
L05	/root/workspace/DevTools/k/010_kubernetes_configmap/02_LAB/images/05-lab4-missing-optional.png	/root/workspace/DevTools/k/logs/010_configmap/img/L05.prompt
L06	/root/workspace/DevTools/k/010_kubernetes_configmap/02_LAB/images/06-lab5-volume.png	/root/workspace/DevTools/k/logs/010_configmap/img/L06.prompt
L07	/root/workspace/DevTools/k/010_kubernetes_configmap/02_LAB/images/07-lab6-update-timing.png	/root/workspace/DevTools/k/logs/010_configmap/img/L07.prompt
L08	/root/workspace/DevTools/k/010_kubernetes_configmap/02_LAB/images/08-lab7-nginx-reload.png	/root/workspace/DevTools/k/logs/010_configmap/img/L08.prompt
L09	/root/workspace/DevTools/k/010_kubernetes_configmap/02_LAB/images/09-lab8-immutable.png	/root/workspace/DevTools/k/logs/010_configmap/img/L09.prompt
L10	/root/workspace/DevTools/k/010_kubernetes_configmap/02_LAB/images/10-lab9-kustomize.png	/root/workspace/DevTools/k/logs/010_configmap/img/L10.prompt
L11	/root/workspace/DevTools/k/010_kubernetes_configmap/02_LAB/images/11-lab10-architecture.png	/root/workspace/DevTools/k/logs/010_configmap/img/L11.prompt
L12	/root/workspace/DevTools/k/010_kubernetes_configmap/02_LAB/images/12-lab10-start.png	/root/workspace/DevTools/k/logs/010_configmap/img/L12.prompt
L13	/root/workspace/DevTools/k/010_kubernetes_configmap/02_LAB/images/13-lab10-envfrom.png	/root/workspace/DevTools/k/logs/010_configmap/img/L13.prompt
L14	/root/workspace/DevTools/k/010_kubernetes_configmap/02_LAB/images/14-lab10-edit-no-change.png	/root/workspace/DevTools/k/logs/010_configmap/img/L14.prompt
L15	/root/workspace/DevTools/k/010_kubernetes_configmap/02_LAB/images/15-lab10-rollout-restart.png	/root/workspace/DevTools/k/logs/010_configmap/img/L15.prompt
L16	/root/workspace/DevTools/k/010_kubernetes_configmap/02_LAB/images/16-lab10-footer-pitfall.png	/root/workspace/DevTools/k/logs/010_configmap/img/L16.prompt
L17	/root/workspace/DevTools/k/010_kubernetes_configmap/02_LAB/images/17-lab10-announcement-mount.png	/root/workspace/DevTools/k/logs/010_configmap/img/L17.prompt
L18	/root/workspace/DevTools/k/010_kubernetes_configmap/02_LAB/images/18-lab10-announcement-update.png	/root/workspace/DevTools/k/logs/010_configmap/img/L18.prompt
L19	/root/workspace/DevTools/k/010_kubernetes_configmap/02_LAB/images/19-lab10-immutable-v2.png	/root/workspace/DevTools/k/logs/010_configmap/img/L19.prompt
L20	/root/workspace/DevTools/k/010_kubernetes_configmap/02_LAB/images/20-lab10-password-visible.png	/root/workspace/DevTools/k/logs/010_configmap/img/L20.prompt
L21	/root/workspace/DevTools/k/010_kubernetes_configmap/02_LAB/images/21-lab10-wrap-up.png	/root/workspace/DevTools/k/logs/010_configmap/img/L21.prompt
