T01	/root/workspace/DevTools/k/009_kubernetes_statefulset/01_Theory/images/01-opening-three-kitchens.png	/root/workspace/DevTools/k/logs/009_statefulset/img/T01.prompt
T02	/root/workspace/DevTools/k/009_kubernetes_statefulset/01_Theory/images/02-recap-008-shared-slip.png	/root/workspace/DevTools/k/logs/009_statefulset/img/T02.prompt
T03	/root/workspace/DevTools/k/009_kubernetes_statefulset/01_Theory/images/03-metaphor-legend.png	/root/workspace/DevTools/k/logs/009_statefulset/img/T03.prompt
T04	/root/workspace/DevTools/k/009_kubernetes_statefulset/01_Theory/images/04-stateless-vs-stateful.png	/root/workspace/DevTools/k/logs/009_statefulset/img/T04.prompt
T05	/root/workspace/DevTools/k/009_kubernetes_statefulset/01_Theory/images/05-deployment-random-names.png	/root/workspace/DevTools/k/logs/009_statefulset/img/T05.prompt
T06	/root/workspace/DevTools/k/009_kubernetes_statefulset/01_Theory/images/06-three-guarantees.png	/root/workspace/DevTools/k/logs/009_statefulset/img/T06.prompt
T07	/root/workspace/DevTools/k/009_kubernetes_statefulset/01_Theory/images/07-manifest-anatomy.png	/root/workspace/DevTools/k/logs/009_statefulset/img/T07.prompt
T08	/root/workspace/DevTools/k/009_kubernetes_statefulset/01_Theory/images/08-ordinal-names-labels.png	/root/workspace/DevTools/k/logs/009_statefulset/img/T08.prompt
T09	/root/workspace/DevTools/k/009_kubernetes_statefulset/01_Theory/images/09-same-name-new-uid.png	/root/workspace/DevTools/k/logs/009_statefulset/img/T09.prompt
T10	/root/workspace/DevTools/k/009_kubernetes_statefulset/01_Theory/images/10-normal-vs-headless.png	/root/workspace/DevTools/k/logs/009_statefulset/img/T10.prompt
T11	/root/workspace/DevTools/k/009_kubernetes_statefulset/01_Theory/images/11-dns-format.png	/root/workspace/DevTools/k/logs/009_statefulset/img/T11.prompt
T12	/root/workspace/DevTools/k/009_kubernetes_statefulset/01_Theory/images/12-nslookup-headless.png	/root/workspace/DevTools/k/logs/009_statefulset/img/T12.prompt
T13	/root/workspace/DevTools/k/009_kubernetes_statefulset/01_Theory/images/13-servicename-governs.png	/root/workspace/DevTools/k/logs/009_statefulset/img/T13.prompt
T14	/root/workspace/DevTools/k/009_kubernetes_statefulset/01_Theory/images/14-pvc-per-pod.png	/root/workspace/DevTools/k/logs/009_statefulset/img/T14.prompt
T15	/root/workspace/DevTools/k/009_kubernetes_statefulset/01_Theory/images/15-sticky-pvc.png	/root/workspace/DevTools/k/logs/009_statefulset/img/T15.prompt
T16	/root/workspace/DevTools/k/009_kubernetes_statefulset/01_Theory/images/16-pvc-survives.png	/root/workspace/DevTools/k/logs/009_statefulset/img/T16.prompt
T17	/root/workspace/DevTools/k/009_kubernetes_statefulset/01_Theory/images/17-retention-policy.png	/root/workspace/DevTools/k/logs/009_statefulset/img/T17.prompt
T18	/root/workspace/DevTools/k/009_kubernetes_statefulset/01_Theory/images/18-ordered-ready-create.png	/root/workspace/DevTools/k/logs/009_statefulset/img/T18.prompt
T19	/root/workspace/DevTools/k/009_kubernetes_statefulset/01_Theory/images/19-scale-down-reverse.png	/root/workspace/DevTools/k/logs/009_statefulset/img/T19.prompt
T20	/root/workspace/DevTools/k/009_kubernetes_statefulset/01_Theory/images/20-parallel-policy.png	/root/workspace/DevTools/k/logs/009_statefulset/img/T20.prompt
T21	/root/workspace/DevTools/k/009_kubernetes_statefulset/01_Theory/images/21-rolling-reverse.png	/root/workspace/DevTools/k/logs/009_statefulset/img/T21.prompt
T22	/root/workspace/DevTools/k/009_kubernetes_statefulset/01_Theory/images/22-partition-canary.png	/root/workspace/DevTools/k/logs/009_statefulset/img/T22.prompt
T23	/root/workspace/DevTools/k/009_kubernetes_statefulset/01_Theory/images/23-revisions.png	/root/workspace/DevTools/k/logs/009_statefulset/img/T23.prompt
T24	/root/workspace/DevTools/k/009_kubernetes_statefulset/01_Theory/images/24-ondelete.png	/root/workspace/DevTools/k/logs/009_statefulset/img/T24.prompt
T25	/root/workspace/DevTools/k/009_kubernetes_statefulset/01_Theory/images/25-min-ready-seconds.png	/root/workspace/DevTools/k/logs/009_statefulset/img/T25.prompt
T26	/root/workspace/DevTools/k/009_kubernetes_statefulset/01_Theory/images/26-independent-ledgers.png	/root/workspace/DevTools/k/logs/009_statefulset/img/T26.prompt
T27	/root/workspace/DevTools/k/009_kubernetes_statefulset/01_Theory/images/27-streaming-replication.png	/root/workspace/DevTools/k/logs/009_statefulset/img/T27.prompt
T28	/root/workspace/DevTools/k/009_kubernetes_statefulset/01_Theory/images/28-operator-concept.png	/root/workspace/DevTools/k/logs/009_statefulset/img/T28.prompt
T29	/root/workspace/DevTools/k/009_kubernetes_statefulset/01_Theory/images/29-at-most-one.png	/root/workspace/DevTools/k/logs/009_statefulset/img/T29.prompt
T30	/root/workspace/DevTools/k/009_kubernetes_statefulset/01_Theory/images/30-force-delete-danger.png	/root/workspace/DevTools/k/logs/009_statefulset/img/T30.prompt
T31	/root/workspace/DevTools/k/009_kubernetes_statefulset/01_Theory/images/31-out-of-service-local.png	/root/workspace/DevTools/k/logs/009_statefulset/img/T31.prompt
T32	/root/workspace/DevTools/k/009_kubernetes_statefulset/01_Theory/images/32-compare-controllers.png	/root/workspace/DevTools/k/logs/009_statefulset/img/T32.prompt
T33	/root/workspace/DevTools/k/009_kubernetes_statefulset/01_Theory/images/33-which-name-to-connect.png	/root/workspace/DevTools/k/logs/009_statefulset/img/T33.prompt
T34	/root/workspace/DevTools/k/009_kubernetes_statefulset/01_Theory/images/34-adopt-existing-pvc.png	/root/workspace/DevTools/k/logs/009_statefulset/img/T34.prompt
T35	/root/workspace/DevTools/k/009_kubernetes_statefulset/01_Theory/images/35-best-practices.png	/root/workspace/DevTools/k/logs/009_statefulset/img/T35.prompt
T36	/root/workspace/DevTools/k/009_kubernetes_statefulset/01_Theory/images/36-summary-table.png	/root/workspace/DevTools/k/logs/009_statefulset/img/T36.prompt
T37	/root/workspace/DevTools/k/009_kubernetes_statefulset/01_Theory/images/37-command-cheatsheet.png	/root/workspace/DevTools/k/logs/009_statefulset/img/T37.prompt
T38	/root/workspace/DevTools/k/009_kubernetes_statefulset/01_Theory/images/38-next-chapters.png	/root/workspace/DevTools/k/logs/009_statefulset/img/T38.prompt
L01	/root/workspace/DevTools/k/009_kubernetes_statefulset/02_LAB/images/01-lab0-prepare.png	/root/workspace/DevTools/k/logs/009_statefulset/img/L01.prompt
L02	/root/workspace/DevTools/k/009_kubernetes_statefulset/02_LAB/images/02-lab1-deploy-vs-sts.png	/root/workspace/DevTools/k/logs/009_statefulset/img/L02.prompt
L03	/root/workspace/DevTools/k/009_kubernetes_statefulset/02_LAB/images/03-lab2-headless-dns.png	/root/workspace/DevTools/k/logs/009_statefulset/img/L03.prompt
L04	/root/workspace/DevTools/k/009_kubernetes_statefulset/02_LAB/images/04-lab3-volume-claim-templates.png	/root/workspace/DevTools/k/logs/009_statefulset/img/L04.prompt
L05	/root/workspace/DevTools/k/009_kubernetes_statefulset/02_LAB/images/05-lab4-ordered-ready.png	/root/workspace/DevTools/k/logs/009_statefulset/img/L05.prompt
L06	/root/workspace/DevTools/k/009_kubernetes_statefulset/02_LAB/images/06-lab4-parallel.png	/root/workspace/DevTools/k/logs/009_statefulset/img/L06.prompt
L07	/root/workspace/DevTools/k/009_kubernetes_statefulset/02_LAB/images/07-lab5-scale-retention.png	/root/workspace/DevTools/k/logs/009_statefulset/img/L07.prompt
L08	/root/workspace/DevTools/k/009_kubernetes_statefulset/02_LAB/images/08-lab6-partition.png	/root/workspace/DevTools/k/logs/009_statefulset/img/L08.prompt
L09	/root/workspace/DevTools/k/009_kubernetes_statefulset/02_LAB/images/09-lab7-ondelete.png	/root/workspace/DevTools/k/logs/009_statefulset/img/L09.prompt
L10	/root/workspace/DevTools/k/009_kubernetes_statefulset/02_LAB/images/10-lab8-delete-reapply.png	/root/workspace/DevTools/k/logs/009_statefulset/img/L10.prompt
L11	/root/workspace/DevTools/k/009_kubernetes_statefulset/02_LAB/images/11-lab9-node-down.png	/root/workspace/DevTools/k/logs/009_statefulset/img/L11.prompt
L12	/root/workspace/DevTools/k/009_kubernetes_statefulset/02_LAB/images/12-lab9-out-of-service.png	/root/workspace/DevTools/k/logs/009_statefulset/img/L12.prompt
L13	/root/workspace/DevTools/k/009_kubernetes_statefulset/02_LAB/images/13-lab10-architecture.png	/root/workspace/DevTools/k/logs/009_statefulset/img/L13.prompt
L14	/root/workspace/DevTools/k/009_kubernetes_statefulset/02_LAB/images/14-lab10-start-008.png	/root/workspace/DevTools/k/logs/009_statefulset/img/L14.prompt
L15	/root/workspace/DevTools/k/009_kubernetes_statefulset/02_LAB/images/15-lab10-migrate.png	/root/workspace/DevTools/k/logs/009_statefulset/img/L15.prompt
L16	/root/workspace/DevTools/k/009_kubernetes_statefulset/02_LAB/images/16-lab10-web-points-sts.png	/root/workspace/DevTools/k/logs/009_statefulset/img/L16.prompt
L17	/root/workspace/DevTools/k/009_kubernetes_statefulset/02_LAB/images/17-lab10-delete-pod.png	/root/workspace/DevTools/k/logs/009_statefulset/img/L17.prompt
L18	/root/workspace/DevTools/k/009_kubernetes_statefulset/02_LAB/images/18-lab10-rolling-db.png	/root/workspace/DevTools/k/logs/009_statefulset/img/L18.prompt
L19	/root/workspace/DevTools/k/009_kubernetes_statefulset/02_LAB/images/19-lab10-delete-sts.png	/root/workspace/DevTools/k/logs/009_statefulset/img/L19.prompt
L20	/root/workspace/DevTools/k/009_kubernetes_statefulset/02_LAB/images/20-lab10-scale-three.png	/root/workspace/DevTools/k/logs/009_statefulset/img/L20.prompt
L21	/root/workspace/DevTools/k/009_kubernetes_statefulset/02_LAB/images/21-lab10-scale-back.png	/root/workspace/DevTools/k/logs/009_statefulset/img/L21.prompt
L22	/root/workspace/DevTools/k/009_kubernetes_statefulset/02_LAB/images/22-lab10-extra-replica.png	/root/workspace/DevTools/k/logs/009_statefulset/img/L22.prompt
L23	/root/workspace/DevTools/k/009_kubernetes_statefulset/02_LAB/images/23-lab10-extra-readonly.png	/root/workspace/DevTools/k/logs/009_statefulset/img/L23.prompt
L24	/root/workspace/DevTools/k/009_kubernetes_statefulset/02_LAB/images/24-lab10-wrap-up.png	/root/workspace/DevTools/k/logs/009_statefulset/img/L24.prompt
