T01	/root/workspace/DevTools/k/003_kubernetes_node_pod/01_Theory/images/01-opening-fleet-branches.png	/root/workspace/DevTools/k/logs/003_node_pod/img/T01.prompt
T02	/root/workspace/DevTools/k/003_kubernetes_node_pod/01_Theory/images/02-new-metaphor-map.png	/root/workspace/DevTools/k/logs/003_node_pod/img/T02.prompt
T03	/root/workspace/DevTools/k/003_kubernetes_node_pod/01_Theory/images/03-node-anatomy.png	/root/workspace/DevTools/k/logs/003_node_pod/img/T03.prompt
T04	/root/workspace/DevTools/k/003_kubernetes_node_pod/01_Theory/images/04-kind-nodes-are-containers.png	/root/workspace/DevTools/k/logs/003_node_pod/img/T04.prompt
T05	/root/workspace/DevTools/k/003_kubernetes_node_pod/01_Theory/images/05-node-standard-labels.png	/root/workspace/DevTools/k/logs/003_node_pod/img/T05.prompt
T06	/root/workspace/DevTools/k/003_kubernetes_node_pod/01_Theory/images/06-capacity-vs-allocatable.png	/root/workspace/DevTools/k/logs/003_node_pod/img/T06.prompt
T07	/root/workspace/DevTools/k/003_kubernetes_node_pod/01_Theory/images/07-node-conditions-panel.png	/root/workspace/DevTools/k/logs/003_node_pod/img/T07.prompt
T08	/root/workspace/DevTools/k/003_kubernetes_node_pod/01_Theory/images/08-describe-node-logbook.png	/root/workspace/DevTools/k/logs/003_node_pod/img/T08.prompt
T09	/root/workspace/DevTools/k/003_kubernetes_node_pod/01_Theory/images/09-scheduler-watches-unscheduled.png	/root/workspace/DevTools/k/logs/003_node_pod/img/T09.prompt
T10	/root/workspace/DevTools/k/003_kubernetes_node_pod/01_Theory/images/10-filter-score-bind.png	/root/workspace/DevTools/k/logs/003_node_pod/img/T10.prompt
T11	/root/workspace/DevTools/k/003_kubernetes_node_pod/01_Theory/images/11-pending-failedscheduling.png	/root/workspace/DevTools/k/logs/003_node_pod/img/T11.prompt
T12	/root/workspace/DevTools/k/003_kubernetes_node_pod/01_Theory/images/12-requests-sum-vs-allocatable.png	/root/workspace/DevTools/k/logs/003_node_pod/img/T12.prompt
T13	/root/workspace/DevTools/k/003_kubernetes_node_pod/01_Theory/images/13-nodename-bypass.png	/root/workspace/DevTools/k/logs/003_node_pod/img/T13.prompt
T14	/root/workspace/DevTools/k/003_kubernetes_node_pod/01_Theory/images/14-nodeselector-flag-match.png	/root/workspace/DevTools/k/logs/003_node_pod/img/T14.prompt
T15	/root/workspace/DevTools/k/003_kubernetes_node_pod/01_Theory/images/15-node-affinity-required-preferred.png	/root/workspace/DevTools/k/logs/003_node_pod/img/T15.prompt
T16	/root/workspace/DevTools/k/003_kubernetes_node_pod/01_Theory/images/16-affinity-operators.png	/root/workspace/DevTools/k/logs/003_node_pod/img/T16.prompt
T17	/root/workspace/DevTools/k/003_kubernetes_node_pod/01_Theory/images/17-pod-affinity-anti.png	/root/workspace/DevTools/k/logs/003_node_pod/img/T17.prompt
T18	/root/workspace/DevTools/k/003_kubernetes_node_pod/01_Theory/images/18-topologykey-meaning.png	/root/workspace/DevTools/k/logs/003_node_pod/img/T18.prompt
T19	/root/workspace/DevTools/k/003_kubernetes_node_pod/01_Theory/images/19-topology-spread-maxskew.png	/root/workspace/DevTools/k/logs/003_node_pod/img/T19.prompt
T20	/root/workspace/DevTools/k/003_kubernetes_node_pod/01_Theory/images/20-spread-control-plane-trap.png	/root/workspace/DevTools/k/logs/003_node_pod/img/T20.prompt
T21	/root/workspace/DevTools/k/003_kubernetes_node_pod/01_Theory/images/21-taint-and-toleration.png	/root/workspace/DevTools/k/logs/003_node_pod/img/T21.prompt
T22	/root/workspace/DevTools/k/003_kubernetes_node_pod/01_Theory/images/22-taint-effects.png	/root/workspace/DevTools/k/logs/003_node_pod/img/T22.prompt
T23	/root/workspace/DevTools/k/003_kubernetes_node_pod/01_Theory/images/23-control-plane-taint-kind.png	/root/workspace/DevTools/k/logs/003_node_pod/img/T23.prompt
T24	/root/workspace/DevTools/k/003_kubernetes_node_pod/01_Theory/images/24-noexecute-tolerationseconds.png	/root/workspace/DevTools/k/logs/003_node_pod/img/T24.prompt
T25	/root/workspace/DevTools/k/003_kubernetes_node_pod/01_Theory/images/25-toleration-not-attraction.png	/root/workspace/DevTools/k/logs/003_node_pod/img/T25.prompt
T26	/root/workspace/DevTools/k/003_kubernetes_node_pod/01_Theory/images/26-cordon-rope.png	/root/workspace/DevTools/k/logs/003_node_pod/img/T26.prompt
T27	/root/workspace/DevTools/k/003_kubernetes_node_pod/01_Theory/images/27-drain-standalone-pods-gone.png	/root/workspace/DevTools/k/logs/003_node_pod/img/T27.prompt
T28	/root/workspace/DevTools/k/003_kubernetes_node_pod/01_Theory/images/28-uncordon-but-not-back.png	/root/workspace/DevTools/k/logs/003_node_pod/img/T28.prompt
T29	/root/workspace/DevTools/k/003_kubernetes_node_pod/01_Theory/images/29-heartbeat-fog-notready.png	/root/workspace/DevTools/k/logs/003_node_pod/img/T29.prompt
T30	/root/workspace/DevTools/k/003_kubernetes_node_pod/01_Theory/images/30-auto-taints-unreachable.png	/root/workspace/DevTools/k/logs/003_node_pod/img/T30.prompt
T31	/root/workspace/DevTools/k/003_kubernetes_node_pod/01_Theory/images/31-evicted-terminating-no-replacement.png	/root/workspace/DevTools/k/logs/003_node_pod/img/T31.prompt
T32	/root/workspace/DevTools/k/003_kubernetes_node_pod/01_Theory/images/32-static-pod-first-mate.png	/root/workspace/DevTools/k/logs/003_node_pod/img/T32.prompt
T33	/root/workspace/DevTools/k/003_kubernetes_node_pod/01_Theory/images/33-control-plane-static-pods.png	/root/workspace/DevTools/k/logs/003_node_pod/img/T33.prompt
T34	/root/workspace/DevTools/k/003_kubernetes_node_pod/01_Theory/images/34-downward-api-nametag.png	/root/workspace/DevTools/k/logs/003_node_pod/img/T34.prompt
T35	/root/workspace/DevTools/k/003_kubernetes_node_pod/01_Theory/images/35-qos-node-pressure-eviction.png	/root/workspace/DevTools/k/logs/003_node_pod/img/T35.prompt
T36	/root/workspace/DevTools/k/003_kubernetes_node_pod/01_Theory/images/36-priority-preemption.png	/root/workspace/DevTools/k/logs/003_node_pod/img/T36.prompt
T37	/root/workspace/DevTools/k/003_kubernetes_node_pod/01_Theory/images/37-placement-cheatsheet.png	/root/workspace/DevTools/k/logs/003_node_pod/img/T37.prompt
T38	/root/workspace/DevTools/k/003_kubernetes_node_pod/01_Theory/images/38-preview-deployment-service.png	/root/workspace/DevTools/k/logs/003_node_pod/img/T38.prompt
T39	/root/workspace/DevTools/k/003_kubernetes_node_pod/01_Theory/images/39-summary-fleet-master.png	/root/workspace/DevTools/k/logs/003_node_pod/img/T39.prompt
L01	/root/workspace/DevTools/k/003_kubernetes_node_pod/02_LAB/images/01-lab0-fleet-survey.png	/root/workspace/DevTools/k/logs/003_node_pod/img/L01.prompt
L02	/root/workspace/DevTools/k/003_kubernetes_node_pod/02_LAB/images/02-lab0-inside-node-crictl.png	/root/workspace/DevTools/k/logs/003_node_pod/img/L02.prompt
L03	/root/workspace/DevTools/k/003_kubernetes_node_pod/02_LAB/images/03-lab1-pending.png	/root/workspace/DevTools/k/logs/003_node_pod/img/L03.prompt
L04	/root/workspace/DevTools/k/003_kubernetes_node_pod/02_LAB/images/04-lab2-nodename-downward.png	/root/workspace/DevTools/k/logs/003_node_pod/img/L04.prompt
L05	/root/workspace/DevTools/k/003_kubernetes_node_pod/02_LAB/images/05-lab3-flags-selector-affinity.png	/root/workspace/DevTools/k/logs/003_node_pod/img/L05.prompt
L06	/root/workspace/DevTools/k/003_kubernetes_node_pod/02_LAB/images/06-lab4-pod-magnets.png	/root/workspace/DevTools/k/logs/003_node_pod/img/L06.prompt
L07	/root/workspace/DevTools/k/003_kubernetes_node_pod/02_LAB/images/07-lab5-spread-scale.png	/root/workspace/DevTools/k/logs/003_node_pod/img/L07.prompt
L08	/root/workspace/DevTools/k/003_kubernetes_node_pod/02_LAB/images/08-lab6-taint-pass.png	/root/workspace/DevTools/k/logs/003_node_pod/img/L08.prompt
L09	/root/workspace/DevTools/k/003_kubernetes_node_pod/02_LAB/images/09-lab6-noexecute-timer.png	/root/workspace/DevTools/k/logs/003_node_pod/img/L09.prompt
L10	/root/workspace/DevTools/k/003_kubernetes_node_pod/02_LAB/images/10-lab7-cordon-drain.png	/root/workspace/DevTools/k/logs/003_node_pod/img/L10.prompt
L11	/root/workspace/DevTools/k/003_kubernetes_node_pod/02_LAB/images/11-lab8-docker-stop-fog.png	/root/workspace/DevTools/k/logs/003_node_pod/img/L11.prompt
L12	/root/workspace/DevTools/k/003_kubernetes_node_pod/02_LAB/images/12-lab8-eviction-timeline.png	/root/workspace/DevTools/k/logs/003_node_pod/img/L12.prompt
L13	/root/workspace/DevTools/k/003_kubernetes_node_pod/02_LAB/images/13-lab9-static-pod.png	/root/workspace/DevTools/k/logs/003_node_pod/img/L13.prompt
L14	/root/workspace/DevTools/k/003_kubernetes_node_pod/02_LAB/images/14-lab10-opening-branches.png	/root/workspace/DevTools/k/logs/003_node_pod/img/L14.prompt
L15	/root/workspace/DevTools/k/003_kubernetes_node_pod/02_LAB/images/15-lab10-manifest-anatomy.png	/root/workspace/DevTools/k/logs/003_node_pod/img/L15.prompt
L16	/root/workspace/DevTools/k/003_kubernetes_node_pod/02_LAB/images/16-lab10-images-ready.png	/root/workspace/DevTools/k/logs/003_node_pod/img/L16.prompt
L17	/root/workspace/DevTools/k/003_kubernetes_node_pod/02_LAB/images/17-lab10-anti-affinity-pending.png	/root/workspace/DevTools/k/logs/003_node_pod/img/L17.prompt
L18	/root/workspace/DevTools/k/003_kubernetes_node_pod/02_LAB/images/18-lab10-two-tunnels.png	/root/workspace/DevTools/k/logs/003_node_pod/img/L18.prompt
L19	/root/workspace/DevTools/k/003_kubernetes_node_pod/02_LAB/images/19-lab10-browser-branch-names.png	/root/workspace/DevTools/k/logs/003_node_pod/img/L19.prompt
L20	/root/workspace/DevTools/k/003_kubernetes_node_pod/02_LAB/images/20-lab10-drain-branch-closed.png	/root/workspace/DevTools/k/logs/003_node_pod/img/L20.prompt
L21	/root/workspace/DevTools/k/003_kubernetes_node_pod/02_LAB/images/21-lab10-fog-branch-lost.png	/root/workspace/DevTools/k/logs/003_node_pod/img/L21.prompt
L22	/root/workspace/DevTools/k/003_kubernetes_node_pod/02_LAB/images/22-lab10-next-deployment-service.png	/root/workspace/DevTools/k/logs/003_node_pod/img/L22.prompt
