T01	/root/workspace/DevTools/k/014_kubernetes_helm/01_Theory/images/01-opening-franchise-kit.png	/root/workspace/DevTools/k/logs/014_helm/img/T01.prompt
T02	/root/workspace/DevTools/k/014_kubernetes_helm/01_Theory/images/02-recap-yaml-pile.png	/root/workspace/DevTools/k/logs/014_helm/img/T02.prompt
T03	/root/workspace/DevTools/k/014_kubernetes_helm/01_Theory/images/03-metaphor-legend-1.png	/root/workspace/DevTools/k/logs/014_helm/img/T03.prompt
T04	/root/workspace/DevTools/k/014_kubernetes_helm/01_Theory/images/04-metaphor-legend-2.png	/root/workspace/DevTools/k/logs/014_helm/img/T04.prompt
T05	/root/workspace/DevTools/k/014_kubernetes_helm/01_Theory/images/05-chapter-goals.png	/root/workspace/DevTools/k/logs/014_helm/img/T05.prompt
T06	/root/workspace/DevTools/k/014_kubernetes_helm/01_Theory/images/06-yaml-duplicate-values.png	/root/workspace/DevTools/k/logs/014_helm/img/T06.prompt
T07	/root/workspace/DevTools/k/014_kubernetes_helm/01_Theory/images/07-copy-folder-drift.png	/root/workspace/DevTools/k/logs/014_helm/img/T07.prompt
T08	/root/workspace/DevTools/k/014_kubernetes_helm/01_Theory/images/08-no-bundle-version.png	/root/workspace/DevTools/k/logs/014_helm/img/T08.prompt
T09	/root/workspace/DevTools/k/014_kubernetes_helm/01_Theory/images/09-kubectl-vs-helm.png	/root/workspace/DevTools/k/logs/014_helm/img/T09.prompt
T10	/root/workspace/DevTools/k/014_kubernetes_helm/01_Theory/images/10-package-manager.png	/root/workspace/DevTools/k/logs/014_helm/img/T10.prompt
T11	/root/workspace/DevTools/k/014_kubernetes_helm/01_Theory/images/11-five-words.png	/root/workspace/DevTools/k/logs/014_helm/img/T11.prompt
T12	/root/workspace/DevTools/k/014_kubernetes_helm/01_Theory/images/12-helm-history-tiller.png	/root/workspace/DevTools/k/logs/014_helm/img/T12.prompt
T13	/root/workspace/DevTools/k/014_kubernetes_helm/01_Theory/images/13-helm4-whats-new.png	/root/workspace/DevTools/k/logs/014_helm/img/T13.prompt
T14	/root/workspace/DevTools/k/014_kubernetes_helm/01_Theory/images/14-chart-anatomy.png	/root/workspace/DevTools/k/logs/014_helm/img/T14.prompt
T15	/root/workspace/DevTools/k/014_kubernetes_helm/01_Theory/images/15-version-vs-appversion.png	/root/workspace/DevTools/k/logs/014_helm/img/T15.prompt
T16	/root/workspace/DevTools/k/014_kubernetes_helm/01_Theory/images/16-crds-and-subcharts.png	/root/workspace/DevTools/k/logs/014_helm/img/T16.prompt
T17	/root/workspace/DevTools/k/014_kubernetes_helm/01_Theory/images/17-template-slots.png	/root/workspace/DevTools/k/logs/014_helm/img/T17.prompt
T18	/root/workspace/DevTools/k/014_kubernetes_helm/01_Theory/images/18-built-in-objects.png	/root/workspace/DevTools/k/logs/014_helm/img/T18.prompt
T19	/root/workspace/DevTools/k/014_kubernetes_helm/01_Theory/images/19-pipeline-default.png	/root/workspace/DevTools/k/logs/014_helm/img/T19.prompt
T20	/root/workspace/DevTools/k/014_kubernetes_helm/01_Theory/images/20-nindent-vs-indent.png	/root/workspace/DevTools/k/logs/014_helm/img/T20.prompt
T21	/root/workspace/DevTools/k/014_kubernetes_helm/01_Theory/images/21-if-range-with.png	/root/workspace/DevTools/k/logs/014_helm/img/T21.prompt
T22	/root/workspace/DevTools/k/014_kubernetes_helm/01_Theory/images/22-helpers-include.png	/root/workspace/DevTools/k/logs/014_helm/img/T22.prompt
T23	/root/workspace/DevTools/k/014_kubernetes_helm/01_Theory/images/23-required-lookup.png	/root/workspace/DevTools/k/logs/014_helm/img/T23.prompt
T24	/root/workspace/DevTools/k/014_kubernetes_helm/01_Theory/images/24-checksum-rollout.png	/root/workspace/DevTools/k/logs/014_helm/img/T24.prompt
T25	/root/workspace/DevTools/k/014_kubernetes_helm/01_Theory/images/25-values-precedence.png	/root/workspace/DevTools/k/logs/014_helm/img/T25.prompt
T26	/root/workspace/DevTools/k/014_kubernetes_helm/01_Theory/images/26-values-per-env.png	/root/workspace/DevTools/k/logs/014_helm/img/T26.prompt
T27	/root/workspace/DevTools/k/014_kubernetes_helm/01_Theory/images/27-upgrade-values-trap.png	/root/workspace/DevTools/k/logs/014_helm/img/T27.prompt
T28	/root/workspace/DevTools/k/014_kubernetes_helm/01_Theory/images/28-schema-desk.png	/root/workspace/DevTools/k/logs/014_helm/img/T28.prompt
T29	/root/workspace/DevTools/k/014_kubernetes_helm/01_Theory/images/29-render-table.png	/root/workspace/DevTools/k/logs/014_helm/img/T29.prompt
T30	/root/workspace/DevTools/k/014_kubernetes_helm/01_Theory/images/30-common-errors.png	/root/workspace/DevTools/k/logs/014_helm/img/T30.prompt
T31	/root/workspace/DevTools/k/014_kubernetes_helm/01_Theory/images/31-lifecycle-cycle.png	/root/workspace/DevTools/k/logs/014_helm/img/T31.prompt
T32	/root/workspace/DevTools/k/014_kubernetes_helm/01_Theory/images/32-revision-logbook.png	/root/workspace/DevTools/k/logs/014_helm/img/T32.prompt
T33	/root/workspace/DevTools/k/014_kubernetes_helm/01_Theory/images/33-wait-strategies.png	/root/workspace/DevTools/k/logs/014_helm/img/T33.prompt
T34	/root/workspace/DevTools/k/014_kubernetes_helm/01_Theory/images/34-rollback-no-number.png	/root/workspace/DevTools/k/logs/014_helm/img/T34.prompt
T35	/root/workspace/DevTools/k/014_kubernetes_helm/01_Theory/images/35-field-managers.png	/root/workspace/DevTools/k/logs/014_helm/img/T35.prompt
T36	/root/workspace/DevTools/k/014_kubernetes_helm/01_Theory/images/36-ssa-conflict.png	/root/workspace/DevTools/k/logs/014_helm/img/T36.prompt
T37	/root/workspace/DevTools/k/014_kubernetes_helm/01_Theory/images/37-adopt-steps.png	/root/workspace/DevTools/k/logs/014_helm/img/T37.prompt
T38	/root/workspace/DevTools/k/014_kubernetes_helm/01_Theory/images/38-release-secret.png	/root/workspace/DevTools/k/logs/014_helm/img/T38.prompt
T39	/root/workspace/DevTools/k/014_kubernetes_helm/01_Theory/images/39-hooks-timeline.png	/root/workspace/DevTools/k/logs/014_helm/img/T39.prompt
T40	/root/workspace/DevTools/k/014_kubernetes_helm/01_Theory/images/40-hook-delete-policy.png	/root/workspace/DevTools/k/logs/014_helm/img/T40.prompt
T41	/root/workspace/DevTools/k/014_kubernetes_helm/01_Theory/images/41-helm-test-inspector.png	/root/workspace/DevTools/k/logs/014_helm/img/T41.prompt
T42	/root/workspace/DevTools/k/014_kubernetes_helm/01_Theory/images/42-subcharts.png	/root/workspace/DevTools/k/logs/014_helm/img/T42.prompt
T43	/root/workspace/DevTools/k/014_kubernetes_helm/01_Theory/images/43-http-vs-oci.png	/root/workspace/DevTools/k/logs/014_helm/img/T43.prompt
T44	/root/workspace/DevTools/k/014_kubernetes_helm/01_Theory/images/44-artifact-hub.png	/root/workspace/DevTools/k/logs/014_helm/img/T44.prompt
T45	/root/workspace/DevTools/k/014_kubernetes_helm/01_Theory/images/45-chart-vs-image-registry.png	/root/workspace/DevTools/k/logs/014_helm/img/T45.prompt
T46	/root/workspace/DevTools/k/014_kubernetes_helm/01_Theory/images/46-security-checklist.png	/root/workspace/DevTools/k/logs/014_helm/img/T46.prompt
T47	/root/workspace/DevTools/k/014_kubernetes_helm/01_Theory/images/47-catalog-can-vanish.png	/root/workspace/DevTools/k/logs/014_helm/img/T47.prompt
T48	/root/workspace/DevTools/k/014_kubernetes_helm/01_Theory/images/48-helm-kustomize-static.png	/root/workspace/DevTools/k/logs/014_helm/img/T48.prompt
T49	/root/workspace/DevTools/k/014_kubernetes_helm/01_Theory/images/49-gitops-preview.png	/root/workspace/DevTools/k/logs/014_helm/img/T49.prompt
T50	/root/workspace/DevTools/k/014_kubernetes_helm/01_Theory/images/50-operator-preview.png	/root/workspace/DevTools/k/logs/014_helm/img/T50.prompt
T51	/root/workspace/DevTools/k/014_kubernetes_helm/01_Theory/images/51-command-cheatsheet.png	/root/workspace/DevTools/k/logs/014_helm/img/T51.prompt
T52	/root/workspace/DevTools/k/014_kubernetes_helm/01_Theory/images/52-chapter-summary.png	/root/workspace/DevTools/k/logs/014_helm/img/T52.prompt
L01	/root/workspace/DevTools/k/014_kubernetes_helm/02_LAB/images/01-lab00-open.png	/root/workspace/DevTools/k/logs/014_helm/img/L01.prompt
L02	/root/workspace/DevTools/k/014_kubernetes_helm/02_LAB/images/02-lab00-build-arg.png	/root/workspace/DevTools/k/logs/014_helm/img/L02.prompt
L03	/root/workspace/DevTools/k/014_kubernetes_helm/02_LAB/images/03-lab01-open.png	/root/workspace/DevTools/k/logs/014_helm/img/L03.prompt
L04	/root/workspace/DevTools/k/014_kubernetes_helm/02_LAB/images/04-lab01-hub-names.png	/root/workspace/DevTools/k/logs/014_helm/img/L04.prompt
L05	/root/workspace/DevTools/k/014_kubernetes_helm/02_LAB/images/05-lab02-open.png	/root/workspace/DevTools/k/logs/014_helm/img/L05.prompt
L06	/root/workspace/DevTools/k/014_kubernetes_helm/02_LAB/images/06-lab02-get.png	/root/workspace/DevTools/k/logs/014_helm/img/L06.prompt
L07	/root/workspace/DevTools/k/014_kubernetes_helm/02_LAB/images/07-lab03-open.png	/root/workspace/DevTools/k/logs/014_helm/img/L07.prompt
L08	/root/workspace/DevTools/k/014_kubernetes_helm/02_LAB/images/08-lab03-reset-trap.png	/root/workspace/DevTools/k/logs/014_helm/img/L08.prompt
L09	/root/workspace/DevTools/k/014_kubernetes_helm/02_LAB/images/09-lab04-open.png	/root/workspace/DevTools/k/logs/014_helm/img/L09.prompt
L10	/root/workspace/DevTools/k/014_kubernetes_helm/02_LAB/images/10-lab04-rollback-on-failure.png	/root/workspace/DevTools/k/logs/014_helm/img/L10.prompt
L11	/root/workspace/DevTools/k/014_kubernetes_helm/02_LAB/images/11-lab04-keep-history.png	/root/workspace/DevTools/k/logs/014_helm/img/L11.prompt
L12	/root/workspace/DevTools/k/014_kubernetes_helm/02_LAB/images/12-lab05-open.png	/root/workspace/DevTools/k/logs/014_helm/img/L12.prompt
L13	/root/workspace/DevTools/k/014_kubernetes_helm/02_LAB/images/13-lab06-open.png	/root/workspace/DevTools/k/logs/014_helm/img/L13.prompt
L14	/root/workspace/DevTools/k/014_kubernetes_helm/02_LAB/images/14-lab06-dryrun-gap.png	/root/workspace/DevTools/k/logs/014_helm/img/L14.prompt
L15	/root/workspace/DevTools/k/014_kubernetes_helm/02_LAB/images/15-lab07-open.png	/root/workspace/DevTools/k/logs/014_helm/img/L15.prompt
L16	/root/workspace/DevTools/k/014_kubernetes_helm/02_LAB/images/16-lab08-open.png	/root/workspace/DevTools/k/logs/014_helm/img/L16.prompt
L17	/root/workspace/DevTools/k/014_kubernetes_helm/02_LAB/images/17-lab08-schema-reject.png	/root/workspace/DevTools/k/logs/014_helm/img/L17.prompt
L18	/root/workspace/DevTools/k/014_kubernetes_helm/02_LAB/images/18-lab09-open.png	/root/workspace/DevTools/k/logs/014_helm/img/L18.prompt
L19	/root/workspace/DevTools/k/014_kubernetes_helm/02_LAB/images/19-lab09-release-secret.png	/root/workspace/DevTools/k/logs/014_helm/img/L19.prompt
L20	/root/workspace/DevTools/k/014_kubernetes_helm/02_LAB/images/20-lab10-open.png	/root/workspace/DevTools/k/logs/014_helm/img/L20.prompt
L21	/root/workspace/DevTools/k/014_kubernetes_helm/02_LAB/images/21-lab10-adopt-fail.png	/root/workspace/DevTools/k/logs/014_helm/img/L21.prompt
L22	/root/workspace/DevTools/k/014_kubernetes_helm/02_LAB/images/22-lab10-migrate-downtime.png	/root/workspace/DevTools/k/logs/014_helm/img/L22.prompt
L23	/root/workspace/DevTools/k/014_kubernetes_helm/02_LAB/images/23-lab11-open.png	/root/workspace/DevTools/k/logs/014_helm/img/L23.prompt
L24	/root/workspace/DevTools/k/014_kubernetes_helm/02_LAB/images/24-lab11-push-install.png	/root/workspace/DevTools/k/logs/014_helm/img/L24.prompt
L25	/root/workspace/DevTools/k/014_kubernetes_helm/02_LAB/images/25-lab12-open.png	/root/workspace/DevTools/k/logs/014_helm/img/L25.prompt
L26	/root/workspace/DevTools/k/014_kubernetes_helm/02_LAB/images/26-lab12-chart-tree.png	/root/workspace/DevTools/k/logs/014_helm/img/L26.prompt
L27	/root/workspace/DevTools/k/014_kubernetes_helm/02_LAB/images/27-lab12-dev-branch.png	/root/workspace/DevTools/k/logs/014_helm/img/L27.prompt
L28	/root/workspace/DevTools/k/014_kubernetes_helm/02_LAB/images/28-lab12-adopt-prod.png	/root/workspace/DevTools/k/logs/014_helm/img/L28.prompt
L29	/root/workspace/DevTools/k/014_kubernetes_helm/02_LAB/images/29-lab12-upgrade-err0.png	/root/workspace/DevTools/k/logs/014_helm/img/L29.prompt
L30	/root/workspace/DevTools/k/014_kubernetes_helm/02_LAB/images/30-lab12-rollback.png	/root/workspace/DevTools/k/logs/014_helm/img/L30.prompt
L31	/root/workspace/DevTools/k/014_kubernetes_helm/02_LAB/images/31-lab12-uninstall-dev.png	/root/workspace/DevTools/k/logs/014_helm/img/L31.prompt
L32	/root/workspace/DevTools/k/014_kubernetes_helm/02_LAB/images/32-lab12-wrong-password.png	/root/workspace/DevTools/k/logs/014_helm/img/L32.prompt
L33	/root/workspace/DevTools/k/014_kubernetes_helm/02_LAB/images/33-lab12-checklist.png	/root/workspace/DevTools/k/logs/014_helm/img/L33.prompt
L34	/root/workspace/DevTools/k/014_kubernetes_helm/02_LAB/images/34-lab12-wrap-up.png	/root/workspace/DevTools/k/logs/014_helm/img/L34.prompt
