T01	/root/workspace/DevTools/k/011_kubernetes_secret/01_Theory/images/01-opening-sealed-envelope.png	/root/workspace/DevTools/k/logs/011_secret/img/T01.prompt
T02	/root/workspace/DevTools/k/011_kubernetes_secret/01_Theory/images/02-recap-password-visible.png	/root/workspace/DevTools/k/logs/011_secret/img/T02.prompt
T03	/root/workspace/DevTools/k/011_kubernetes_secret/01_Theory/images/03-metaphor-legend.png	/root/workspace/DevTools/k/logs/011_secret/img/T03.prompt
T04	/root/workspace/DevTools/k/011_kubernetes_secret/01_Theory/images/04-secret-vs-configmap.png	/root/workspace/DevTools/k/logs/011_secret/img/T04.prompt
T05	/root/workspace/DevTools/k/011_kubernetes_secret/01_Theory/images/05-base64-not-encryption.png	/root/workspace/DevTools/k/logs/011_secret/img/T05.prompt
T06	/root/workspace/DevTools/k/011_kubernetes_secret/01_Theory/images/06-echo-newline-trap.png	/root/workspace/DevTools/k/logs/011_secret/img/T06.prompt
T07	/root/workspace/DevTools/k/011_kubernetes_secret/01_Theory/images/07-real-protection-layers.png	/root/workspace/DevTools/k/logs/011_secret/img/T07.prompt
T08	/root/workspace/DevTools/k/011_kubernetes_secret/01_Theory/images/08-secret-types.png	/root/workspace/DevTools/k/logs/011_secret/img/T08.prompt
T09	/root/workspace/DevTools/k/011_kubernetes_secret/01_Theory/images/09-type-validation.png	/root/workspace/DevTools/k/logs/011_secret/img/T09.prompt
T10	/root/workspace/DevTools/k/011_kubernetes_secret/01_Theory/images/10-dockerconfigjson.png	/root/workspace/DevTools/k/logs/011_secret/img/T10.prompt
T11	/root/workspace/DevTools/k/011_kubernetes_secret/01_Theory/images/11-service-account-token.png	/root/workspace/DevTools/k/logs/011_secret/img/T11.prompt
T12	/root/workspace/DevTools/k/011_kubernetes_secret/01_Theory/images/12-opaque-default.png	/root/workspace/DevTools/k/logs/011_secret/img/T12.prompt
T13	/root/workspace/DevTools/k/011_kubernetes_secret/01_Theory/images/13-create-literal-file.png	/root/workspace/DevTools/k/logs/011_secret/img/T13.prompt
T14	/root/workspace/DevTools/k/011_kubernetes_secret/01_Theory/images/14-data-vs-stringdata.png	/root/workspace/DevTools/k/logs/011_secret/img/T14.prompt
T15	/root/workspace/DevTools/k/011_kubernetes_secret/01_Theory/images/15-last-applied-leak.png	/root/workspace/DevTools/k/logs/011_secret/img/T15.prompt
T16	/root/workspace/DevTools/k/011_kubernetes_secret/01_Theory/images/16-env-secret-key-ref.png	/root/workspace/DevTools/k/logs/011_secret/img/T16.prompt
T17	/root/workspace/DevTools/k/011_kubernetes_secret/01_Theory/images/17-volume-tmpfs.png	/root/workspace/DevTools/k/logs/011_secret/img/T17.prompt
T18	/root/workspace/DevTools/k/011_kubernetes_secret/01_Theory/images/18-env-leak.png	/root/workspace/DevTools/k/logs/011_secret/img/T18.prompt
T19	/root/workspace/DevTools/k/011_kubernetes_secret/01_Theory/images/19-update-and-immutable.png	/root/workspace/DevTools/k/logs/011_secret/img/T19.prompt
T20	/root/workspace/DevTools/k/011_kubernetes_secret/01_Theory/images/20-image-pull-secrets.png	/root/workspace/DevTools/k/logs/011_secret/img/T20.prompt
T21	/root/workspace/DevTools/k/011_kubernetes_secret/01_Theory/images/21-pull-recheck-cached.png	/root/workspace/DevTools/k/logs/011_secret/img/T21.prompt
T22	/root/workspace/DevTools/k/011_kubernetes_secret/01_Theory/images/22-tls-cert-key.png	/root/workspace/DevTools/k/logs/011_secret/img/T22.prompt
T23	/root/workspace/DevTools/k/011_kubernetes_secret/01_Theory/images/23-https-nginx-curl.png	/root/workspace/DevTools/k/logs/011_secret/img/T23.prompt
T24	/root/workspace/DevTools/k/011_kubernetes_secret/01_Theory/images/24-rbac-intern-forbidden.png	/root/workspace/DevTools/k/logs/011_secret/img/T24.prompt
T25	/root/workspace/DevTools/k/011_kubernetes_secret/01_Theory/images/25-rbac-indirect-read.png	/root/workspace/DevTools/k/logs/011_secret/img/T25.prompt
T26	/root/workspace/DevTools/k/011_kubernetes_secret/01_Theory/images/26-describe-vs-get.png	/root/workspace/DevTools/k/logs/011_secret/img/T26.prompt
T27	/root/workspace/DevTools/k/011_kubernetes_secret/01_Theory/images/27-etcd-plaintext.png	/root/workspace/DevTools/k/logs/011_secret/img/T27.prompt
T28	/root/workspace/DevTools/k/011_kubernetes_secret/01_Theory/images/28-encryption-configuration.png	/root/workspace/DevTools/k/logs/011_secret/img/T28.prompt
T29	/root/workspace/DevTools/k/011_kubernetes_secret/01_Theory/images/29-who-can-read-etcd.png	/root/workspace/DevTools/k/logs/011_secret/img/T29.prompt
T30	/root/workspace/DevTools/k/011_kubernetes_secret/01_Theory/images/30-never-commit-git.png	/root/workspace/DevTools/k/logs/011_secret/img/T30.prompt
T31	/root/workspace/DevTools/k/011_kubernetes_secret/01_Theory/images/31-leak-checklist.png	/root/workspace/DevTools/k/logs/011_secret/img/T31.prompt
T32	/root/workspace/DevTools/k/011_kubernetes_secret/01_Theory/images/32-rotate-password.png	/root/workspace/DevTools/k/logs/011_secret/img/T32.prompt
T33	/root/workspace/DevTools/k/011_kubernetes_secret/01_Theory/images/33-sealed-secrets.png	/root/workspace/DevTools/k/logs/011_secret/img/T33.prompt
T34	/root/workspace/DevTools/k/011_kubernetes_secret/01_Theory/images/34-external-secrets-vault.png	/root/workspace/DevTools/k/logs/011_secret/img/T34.prompt
T35	/root/workspace/DevTools/k/011_kubernetes_secret/01_Theory/images/35-projected-volume.png	/root/workspace/DevTools/k/logs/011_secret/img/T35.prompt
T36	/root/workspace/DevTools/k/011_kubernetes_secret/01_Theory/images/36-configmap-vs-secret-table.png	/root/workspace/DevTools/k/logs/011_secret/img/T36.prompt
T37	/root/workspace/DevTools/k/011_kubernetes_secret/01_Theory/images/37-best-practices.png	/root/workspace/DevTools/k/logs/011_secret/img/T37.prompt
T38	/root/workspace/DevTools/k/011_kubernetes_secret/01_Theory/images/38-command-cheatsheet.png	/root/workspace/DevTools/k/logs/011_secret/img/T38.prompt
T39	/root/workspace/DevTools/k/011_kubernetes_secret/01_Theory/images/39-next-ingress-hpa-helm.png	/root/workspace/DevTools/k/logs/011_secret/img/T39.prompt
L01	/root/workspace/DevTools/k/011_kubernetes_secret/02_LAB/images/01-lab0-prepare.png	/root/workspace/DevTools/k/logs/011_secret/img/L01.prompt
L02	/root/workspace/DevTools/k/011_kubernetes_secret/02_LAB/images/02-lab1-base64.png	/root/workspace/DevTools/k/logs/011_secret/img/L02.prompt
L03	/root/workspace/DevTools/k/011_kubernetes_secret/02_LAB/images/03-lab2-create-types.png	/root/workspace/DevTools/k/logs/011_secret/img/L03.prompt
L04	/root/workspace/DevTools/k/011_kubernetes_secret/02_LAB/images/04-lab3-use-in-pod.png	/root/workspace/DevTools/k/logs/011_secret/img/L04.prompt
L05	/root/workspace/DevTools/k/011_kubernetes_secret/02_LAB/images/05-lab3-update.png	/root/workspace/DevTools/k/logs/011_secret/img/L05.prompt
L06	/root/workspace/DevTools/k/011_kubernetes_secret/02_LAB/images/06-lab4-tls-nginx.png	/root/workspace/DevTools/k/logs/011_secret/img/L06.prompt
L07	/root/workspace/DevTools/k/011_kubernetes_secret/02_LAB/images/07-lab5-private-registry.png	/root/workspace/DevTools/k/logs/011_secret/img/L07.prompt
L08	/root/workspace/DevTools/k/011_kubernetes_secret/02_LAB/images/08-lab5-cached-recheck.png	/root/workspace/DevTools/k/logs/011_secret/img/L08.prompt
L09	/root/workspace/DevTools/k/011_kubernetes_secret/02_LAB/images/09-lab6-projected-token.png	/root/workspace/DevTools/k/logs/011_secret/img/L09.prompt
L10	/root/workspace/DevTools/k/011_kubernetes_secret/02_LAB/images/10-lab7-rbac-intern.png	/root/workspace/DevTools/k/logs/011_secret/img/L10.prompt
L11	/root/workspace/DevTools/k/011_kubernetes_secret/02_LAB/images/11-lab7-pod-maker.png	/root/workspace/DevTools/k/logs/011_secret/img/L11.prompt
L12	/root/workspace/DevTools/k/011_kubernetes_secret/02_LAB/images/12-lab8-etcd-peek.png	/root/workspace/DevTools/k/logs/011_secret/img/L12.prompt
L13	/root/workspace/DevTools/k/011_kubernetes_secret/02_LAB/images/13-lab9-architecture.png	/root/workspace/DevTools/k/logs/011_secret/img/L13.prompt
L14	/root/workspace/DevTools/k/011_kubernetes_secret/02_LAB/images/14-lab9-start-visible.png	/root/workspace/DevTools/k/logs/011_secret/img/L14.prompt
L15	/root/workspace/DevTools/k/011_kubernetes_secret/02_LAB/images/15-lab9-create-secret.png	/root/workspace/DevTools/k/logs/011_secret/img/L15.prompt
L16	/root/workspace/DevTools/k/011_kubernetes_secret/02_LAB/images/16-lab9-db-secret-ref.png	/root/workspace/DevTools/k/logs/011_secret/img/L16.prompt
L17	/root/workspace/DevTools/k/011_kubernetes_secret/02_LAB/images/17-lab9-web-secret-ref.png	/root/workspace/DevTools/k/logs/011_secret/img/L17.prompt
L18	/root/workspace/DevTools/k/011_kubernetes_secret/02_LAB/images/18-lab9-alter-user.png	/root/workspace/DevTools/k/logs/011_secret/img/L18.prompt
L19	/root/workspace/DevTools/k/011_kubernetes_secret/02_LAB/images/19-lab9-forgot-secret.png	/root/workspace/DevTools/k/logs/011_secret/img/L19.prompt
L20	/root/workspace/DevTools/k/011_kubernetes_secret/02_LAB/images/20-lab9-update-restart.png	/root/workspace/DevTools/k/logs/011_secret/img/L20.prompt
L21	/root/workspace/DevTools/k/011_kubernetes_secret/02_LAB/images/21-lab9-https.png	/root/workspace/DevTools/k/logs/011_secret/img/L21.prompt
L22	/root/workspace/DevTools/k/011_kubernetes_secret/02_LAB/images/22-lab9-wrap-up.png	/root/workspace/DevTools/k/logs/011_secret/img/L22.prompt
