T01	/root/workspace/DevTools/k/005_kubernetes_replicaset/01_Theory/images/01-opening-lonely-pod-lost.png	/root/workspace/DevTools/k/logs/005_replicaset/img/T01.prompt
T02	/root/workspace/DevTools/k/005_kubernetes_replicaset/01_Theory/images/02-recap-three-chapters.png	/root/workspace/DevTools/k/logs/005_replicaset/img/T02.prompt
T03	/root/workspace/DevTools/k/005_kubernetes_replicaset/01_Theory/images/03-metaphor-legend.png	/root/workspace/DevTools/k/logs/005_replicaset/img/T03.prompt
T04	/root/workspace/DevTools/k/005_kubernetes_replicaset/01_Theory/images/04-reconcile-loop.png	/root/workspace/DevTools/k/logs/005_replicaset/img/T04.prompt
T05	/root/workspace/DevTools/k/005_kubernetes_replicaset/01_Theory/images/05-controllers-in-tower.png	/root/workspace/DevTools/k/logs/005_replicaset/img/T05.prompt
T06	/root/workspace/DevTools/k/005_kubernetes_replicaset/01_Theory/images/06-level-triggered.png	/root/workspace/DevTools/k/logs/005_replicaset/img/T06.prompt
T07	/root/workspace/DevTools/k/005_kubernetes_replicaset/01_Theory/images/07-rs-anatomy.png	/root/workspace/DevTools/k/logs/005_replicaset/img/T07.prompt
T08	/root/workspace/DevTools/k/005_kubernetes_replicaset/01_Theory/images/08-rs-yaml-map.png	/root/workspace/DevTools/k/logs/005_replicaset/img/T08.prompt
T09	/root/workspace/DevTools/k/005_kubernetes_replicaset/01_Theory/images/09-pod-naming.png	/root/workspace/DevTools/k/logs/005_replicaset/img/T09.prompt
T10	/root/workspace/DevTools/k/005_kubernetes_replicaset/01_Theory/images/10-match-expressions.png	/root/workspace/DevTools/k/logs/005_replicaset/img/T10.prompt
T11	/root/workspace/DevTools/k/005_kubernetes_replicaset/01_Theory/images/11-selector-template-mismatch.png	/root/workspace/DevTools/k/logs/005_replicaset/img/T11.prompt
T12	/root/workspace/DevTools/k/005_kubernetes_replicaset/01_Theory/images/12-owner-references.png	/root/workspace/DevTools/k/logs/005_replicaset/img/T12.prompt
T13	/root/workspace/DevTools/k/005_kubernetes_replicaset/01_Theory/images/13-rs-status-columns.png	/root/workspace/DevTools/k/logs/005_replicaset/img/T13.prompt
T14	/root/workspace/DevTools/k/005_kubernetes_replicaset/01_Theory/images/14-rs-self-healing.png	/root/workspace/DevTools/k/logs/005_replicaset/img/T14.prompt
T15	/root/workspace/DevTools/k/005_kubernetes_replicaset/01_Theory/images/15-delete-overlap-terminating.png	/root/workspace/DevTools/k/logs/005_replicaset/img/T15.prompt
T16	/root/workspace/DevTools/k/005_kubernetes_replicaset/01_Theory/images/16-drain-single-vs-rs.png	/root/workspace/DevTools/k/logs/005_replicaset/img/T16.prompt
T17	/root/workspace/DevTools/k/005_kubernetes_replicaset/01_Theory/images/17-node-down-timeline.png	/root/workspace/DevTools/k/logs/005_replicaset/img/T17.prompt
T18	/root/workspace/DevTools/k/005_kubernetes_replicaset/01_Theory/images/18-rs-scale.png	/root/workspace/DevTools/k/logs/005_replicaset/img/T18.prompt
T19	/root/workspace/DevTools/k/005_kubernetes_replicaset/01_Theory/images/19-scale-down-order.png	/root/workspace/DevTools/k/logs/005_replicaset/img/T19.prompt
T20	/root/workspace/DevTools/k/005_kubernetes_replicaset/01_Theory/images/20-rs-counts-by-label.png	/root/workspace/DevTools/k/logs/005_replicaset/img/T20.prompt
T21	/root/workspace/DevTools/k/005_kubernetes_replicaset/01_Theory/images/21-rs-adopts-stray.png	/root/workspace/DevTools/k/logs/005_replicaset/img/T21.prompt
T22	/root/workspace/DevTools/k/005_kubernetes_replicaset/01_Theory/images/22-rs-deletes-extra.png	/root/workspace/DevTools/k/logs/005_replicaset/img/T22.prompt
T23	/root/workspace/DevTools/k/005_kubernetes_replicaset/01_Theory/images/23-overlapping-selectors.png	/root/workspace/DevTools/k/logs/005_replicaset/img/T23.prompt
T24	/root/workspace/DevTools/k/005_kubernetes_replicaset/01_Theory/images/24-unlabel-for-debug.png	/root/workspace/DevTools/k/logs/005_replicaset/img/T24.prompt
T25	/root/workspace/DevTools/k/005_kubernetes_replicaset/01_Theory/images/25-selector-immutable.png	/root/workspace/DevTools/k/logs/005_replicaset/img/T25.prompt
T26	/root/workspace/DevTools/k/005_kubernetes_replicaset/01_Theory/images/26-template-change-old-pods.png	/root/workspace/DevTools/k/logs/005_replicaset/img/T26.prompt
T27	/root/workspace/DevTools/k/005_kubernetes_replicaset/01_Theory/images/27-rs-delete-cascade.png	/root/workspace/DevTools/k/logs/005_replicaset/img/T27.prompt
T28	/root/workspace/DevTools/k/005_kubernetes_replicaset/01_Theory/images/28-orphan-readopt.png	/root/workspace/DevTools/k/logs/005_replicaset/img/T28.prompt
T29	/root/workspace/DevTools/k/005_kubernetes_replicaset/01_Theory/images/29-replicationcontroller-history.png	/root/workspace/DevTools/k/logs/005_replicaset/img/T29.prompt
T30	/root/workspace/DevTools/k/005_kubernetes_replicaset/01_Theory/images/30-rs-quota-cap.png	/root/workspace/DevTools/k/logs/005_replicaset/img/T30.prompt
T31	/root/workspace/DevTools/k/005_kubernetes_replicaset/01_Theory/images/31-psa-workload-warn.png	/root/workspace/DevTools/k/logs/005_replicaset/img/T31.prompt
T32	/root/workspace/DevTools/k/005_kubernetes_replicaset/01_Theory/images/32-anti-affinity-required.png	/root/workspace/DevTools/k/logs/005_replicaset/img/T32.prompt
T33	/root/workspace/DevTools/k/005_kubernetes_replicaset/01_Theory/images/33-preferred-and-spread.png	/root/workspace/DevTools/k/logs/005_replicaset/img/T33.prompt
T34	/root/workspace/DevTools/k/005_kubernetes_replicaset/01_Theory/images/34-names-ips-change.png	/root/workspace/DevTools/k/logs/005_replicaset/img/T34.prompt
T35	/root/workspace/DevTools/k/005_kubernetes_replicaset/01_Theory/images/35-summary-checklist.png	/root/workspace/DevTools/k/logs/005_replicaset/img/T35.prompt
T36	/root/workspace/DevTools/k/005_kubernetes_replicaset/01_Theory/images/36-next-chapters.png	/root/workspace/DevTools/k/logs/005_replicaset/img/T36.prompt
L01	/root/workspace/DevTools/k/005_kubernetes_replicaset/02_LAB/images/01-lab0-prepare.png	/root/workspace/DevTools/k/logs/005_replicaset/img/L01.prompt
L02	/root/workspace/DevTools/k/005_kubernetes_replicaset/02_LAB/images/02-lab1-first-rs.png	/root/workspace/DevTools/k/logs/005_replicaset/img/L02.prompt
L03	/root/workspace/DevTools/k/005_kubernetes_replicaset/02_LAB/images/03-lab2-delete-watch.png	/root/workspace/DevTools/k/logs/005_replicaset/img/L03.prompt
L04	/root/workspace/DevTools/k/005_kubernetes_replicaset/02_LAB/images/04-lab2-drain-rebirth.png	/root/workspace/DevTools/k/logs/005_replicaset/img/L04.prompt
L05	/root/workspace/DevTools/k/005_kubernetes_replicaset/02_LAB/images/05-lab3-scale.png	/root/workspace/DevTools/k/logs/005_replicaset/img/L05.prompt
L06	/root/workspace/DevTools/k/005_kubernetes_replicaset/02_LAB/images/06-lab4-label-trap.png	/root/workspace/DevTools/k/logs/005_replicaset/img/L06.prompt
L07	/root/workspace/DevTools/k/005_kubernetes_replicaset/02_LAB/images/07-lab5-template-old-pods.png	/root/workspace/DevTools/k/logs/005_replicaset/img/L07.prompt
L08	/root/workspace/DevTools/k/005_kubernetes_replicaset/02_LAB/images/08-lab6-cascade-orphan.png	/root/workspace/DevTools/k/logs/005_replicaset/img/L08.prompt
L09	/root/workspace/DevTools/k/005_kubernetes_replicaset/02_LAB/images/09-lab7-quota.png	/root/workspace/DevTools/k/logs/005_replicaset/img/L09.prompt
L10	/root/workspace/DevTools/k/005_kubernetes_replicaset/02_LAB/images/10-lab8-spread.png	/root/workspace/DevTools/k/logs/005_replicaset/img/L10.prompt
L11	/root/workspace/DevTools/k/005_kubernetes_replicaset/02_LAB/images/11-lab9-architecture.png	/root/workspace/DevTools/k/logs/005_replicaset/img/L11.prompt
L12	/root/workspace/DevTools/k/005_kubernetes_replicaset/02_LAB/images/12-lab9-prepare-image.png	/root/workspace/DevTools/k/logs/005_replicaset/img/L12.prompt
L13	/root/workspace/DevTools/k/005_kubernetes_replicaset/02_LAB/images/13-lab9-three-booths-two-ships.png	/root/workspace/DevTools/k/logs/005_replicaset/img/L13.prompt
L14	/root/workspace/DevTools/k/005_kubernetes_replicaset/02_LAB/images/14-lab9-port-forward-each.png	/root/workspace/DevTools/k/logs/005_replicaset/img/L14.prompt
L15	/root/workspace/DevTools/k/005_kubernetes_replicaset/02_LAB/images/15-lab9-orders-mismatch.png	/root/workspace/DevTools/k/logs/005_replicaset/img/L15.prompt
L16	/root/workspace/DevTools/k/005_kubernetes_replicaset/02_LAB/images/16-lab9-delete-pod-data-lost.png	/root/workspace/DevTools/k/logs/005_replicaset/img/L16.prompt
L17	/root/workspace/DevTools/k/005_kubernetes_replicaset/02_LAB/images/17-lab9-scale-3-5-2.png	/root/workspace/DevTools/k/logs/005_replicaset/img/L17.prompt
L18	/root/workspace/DevTools/k/005_kubernetes_replicaset/02_LAB/images/18-lab9-template-promo.png	/root/workspace/DevTools/k/logs/005_replicaset/img/L18.prompt
L19	/root/workspace/DevTools/k/005_kubernetes_replicaset/02_LAB/images/19-lab9-manual-replace.png	/root/workspace/DevTools/k/logs/005_replicaset/img/L19.prompt
L20	/root/workspace/DevTools/k/005_kubernetes_replicaset/02_LAB/images/20-lab9-wrap-up-handoff.png	/root/workspace/DevTools/k/logs/005_replicaset/img/L20.prompt
