T01	/root/workspace/DevTools/k/004_kubernetes_namespace/01_Theory/images/01-opening-crowded-harbor.png	/root/workspace/DevTools/k/logs/004_namespace/img/T01.prompt
T02	/root/workspace/DevTools/k/004_kubernetes_namespace/01_Theory/images/02-new-metaphor-map.png	/root/workspace/DevTools/k/logs/004_namespace/img/T02.prompt
T03	/root/workspace/DevTools/k/004_kubernetes_namespace/01_Theory/images/03-zones-on-harbor-map.png	/root/workspace/DevTools/k/logs/004_namespace/img/T03.prompt
T04	/root/workspace/DevTools/k/004_kubernetes_namespace/01_Theory/images/04-namespace-is-not-a-ship.png	/root/workspace/DevTools/k/logs/004_namespace/img/T04.prompt
T05	/root/workspace/DevTools/k/004_kubernetes_namespace/01_Theory/images/05-why-namespaces.png	/root/workspace/DevTools/k/logs/004_namespace/img/T05.prompt
T06	/root/workspace/DevTools/k/004_kubernetes_namespace/01_Theory/images/06-default-namespaces.png	/root/workspace/DevTools/k/logs/004_namespace/img/T06.prompt
T07	/root/workspace/DevTools/k/004_kubernetes_namespace/01_Theory/images/07-kube-system-zone.png	/root/workspace/DevTools/k/logs/004_namespace/img/T07.prompt
T08	/root/workspace/DevTools/k/004_kubernetes_namespace/01_Theory/images/08-kube-public-node-lease.png	/root/workspace/DevTools/k/logs/004_namespace/img/T08.prompt
T09	/root/workspace/DevTools/k/004_kubernetes_namespace/01_Theory/images/09-zone-items-vs-shared.png	/root/workspace/DevTools/k/logs/004_namespace/img/T09.prompt
T10	/root/workspace/DevTools/k/004_kubernetes_namespace/01_Theory/images/10-api-resources-two-columns.png	/root/workspace/DevTools/k/logs/004_namespace/img/T10.prompt
T11	/root/workspace/DevTools/k/004_kubernetes_namespace/01_Theory/images/11-create-imperative-vs-yaml.png	/root/workspace/DevTools/k/logs/004_namespace/img/T11.prompt
T12	/root/workspace/DevTools/k/004_kubernetes_namespace/01_Theory/images/12-manifest-ns-vs-flag.png	/root/workspace/DevTools/k/logs/004_namespace/img/T12.prompt
T13	/root/workspace/DevTools/k/004_kubernetes_namespace/01_Theory/images/13-same-name-different-zones.png	/root/workspace/DevTools/k/logs/004_namespace/img/T13.prompt
T14	/root/workspace/DevTools/k/004_kubernetes_namespace/01_Theory/images/14-flag-n-vs-all.png	/root/workspace/DevTools/k/logs/004_namespace/img/T14.prompt
T15	/root/workspace/DevTools/k/004_kubernetes_namespace/01_Theory/images/15-kubeconfig-wallet.png	/root/workspace/DevTools/k/logs/004_namespace/img/T15.prompt
T16	/root/workspace/DevTools/k/004_kubernetes_namespace/01_Theory/images/16-set-context-namespace.png	/root/workspace/DevTools/k/logs/004_namespace/img/T16.prompt
T17	/root/workspace/DevTools/k/004_kubernetes_namespace/01_Theory/images/17-namespace-labels.png	/root/workspace/DevTools/k/logs/004_namespace/img/T17.prompt
T18	/root/workspace/DevTools/k/004_kubernetes_namespace/01_Theory/images/18-delete-namespace-everything.png	/root/workspace/DevTools/k/logs/004_namespace/img/T18.prompt
T19	/root/workspace/DevTools/k/004_kubernetes_namespace/01_Theory/images/19-finalizers-checklist.png	/root/workspace/DevTools/k/logs/004_namespace/img/T19.prompt
T20	/root/workspace/DevTools/k/004_kubernetes_namespace/01_Theory/images/20-cross-zone-same-ship.png	/root/workspace/DevTools/k/logs/004_namespace/img/T20.prompt
T21	/root/workspace/DevTools/k/004_kubernetes_namespace/01_Theory/images/21-dns-search-domain.png	/root/workspace/DevTools/k/logs/004_namespace/img/T21.prompt
T22	/root/workspace/DevTools/k/004_kubernetes_namespace/01_Theory/images/22-networkpolicy-fence.png	/root/workspace/DevTools/k/logs/004_namespace/img/T22.prompt
T23	/root/workspace/DevTools/k/004_kubernetes_namespace/01_Theory/images/23-networkpolicy-gate-by-label.png	/root/workspace/DevTools/k/logs/004_namespace/img/T23.prompt
T24	/root/workspace/DevTools/k/004_kubernetes_namespace/01_Theory/images/24-quota-budget-sheet.png	/root/workspace/DevTools/k/logs/004_namespace/img/T24.prompt
T25	/root/workspace/DevTools/k/004_kubernetes_namespace/01_Theory/images/25-quota-pod-count.png	/root/workspace/DevTools/k/logs/004_namespace/img/T25.prompt
T26	/root/workspace/DevTools/k/004_kubernetes_namespace/01_Theory/images/26-quota-must-specify.png	/root/workspace/DevTools/k/logs/004_namespace/img/T26.prompt
T27	/root/workspace/DevTools/k/004_kubernetes_namespace/01_Theory/images/27-limitrange-size-board.png	/root/workspace/DevTools/k/logs/004_namespace/img/T27.prompt
T28	/root/workspace/DevTools/k/004_kubernetes_namespace/01_Theory/images/28-quota-vs-limitrange.png	/root/workspace/DevTools/k/logs/004_namespace/img/T28.prompt
T29	/root/workspace/DevTools/k/004_kubernetes_namespace/01_Theory/images/29-rbac-identities.png	/root/workspace/DevTools/k/logs/004_namespace/img/T29.prompt
T30	/root/workspace/DevTools/k/004_kubernetes_namespace/01_Theory/images/30-role-and-rolebinding.png	/root/workspace/DevTools/k/logs/004_namespace/img/T30.prompt
T31	/root/workspace/DevTools/k/004_kubernetes_namespace/01_Theory/images/31-clusterrole-with-rolebinding.png	/root/workspace/DevTools/k/logs/004_namespace/img/T31.prompt
T32	/root/workspace/DevTools/k/004_kubernetes_namespace/01_Theory/images/32-auth-can-i.png	/root/workspace/DevTools/k/logs/004_namespace/img/T32.prompt
T33	/root/workspace/DevTools/k/004_kubernetes_namespace/01_Theory/images/33-sa-token-context.png	/root/workspace/DevTools/k/logs/004_namespace/img/T33.prompt
T34	/root/workspace/DevTools/k/004_kubernetes_namespace/01_Theory/images/34-psa-three-levels.png	/root/workspace/DevTools/k/logs/004_namespace/img/T34.prompt
T35	/root/workspace/DevTools/k/004_kubernetes_namespace/01_Theory/images/35-psa-modes.png	/root/workspace/DevTools/k/logs/004_namespace/img/T35.prompt
T36	/root/workspace/DevTools/k/004_kubernetes_namespace/01_Theory/images/36-restricted-checklist.png	/root/workspace/DevTools/k/logs/004_namespace/img/T36.prompt
T37	/root/workspace/DevTools/k/004_kubernetes_namespace/01_Theory/images/37-naming-practices.png	/root/workspace/DevTools/k/logs/004_namespace/img/T37.prompt
T38	/root/workspace/DevTools/k/004_kubernetes_namespace/01_Theory/images/38-summary-harbor-zones.png	/root/workspace/DevTools/k/logs/004_namespace/img/T38.prompt
L01	/root/workspace/DevTools/k/004_kubernetes_namespace/02_LAB/images/01-lab0-survey-zones.png	/root/workspace/DevTools/k/logs/004_namespace/img/L01.prompt
L02	/root/workspace/DevTools/k/004_kubernetes_namespace/02_LAB/images/02-lab0-peek-public-lease.png	/root/workspace/DevTools/k/logs/004_namespace/img/L02.prompt
L03	/root/workspace/DevTools/k/004_kubernetes_namespace/02_LAB/images/03-lab1-same-name-pods.png	/root/workspace/DevTools/k/logs/004_namespace/img/L03.prompt
L04	/root/workspace/DevTools/k/004_kubernetes_namespace/02_LAB/images/04-lab1-namespace-mismatch.png	/root/workspace/DevTools/k/logs/004_namespace/img/L04.prompt
L05	/root/workspace/DevTools/k/004_kubernetes_namespace/02_LAB/images/05-lab2-switch-context-ns.png	/root/workspace/DevTools/k/logs/004_namespace/img/L05.prompt
L06	/root/workspace/DevTools/k/004_kubernetes_namespace/02_LAB/images/06-lab3-sort-scope.png	/root/workspace/DevTools/k/logs/004_namespace/img/L06.prompt
L07	/root/workspace/DevTools/k/004_kubernetes_namespace/02_LAB/images/07-lab4-cross-zone-ip.png	/root/workspace/DevTools/k/logs/004_namespace/img/L07.prompt
L08	/root/workspace/DevTools/k/004_kubernetes_namespace/02_LAB/images/08-lab4-networkpolicy-blocks.png	/root/workspace/DevTools/k/logs/004_namespace/img/L08.prompt
L09	/root/workspace/DevTools/k/004_kubernetes_namespace/02_LAB/images/09-lab5-quota-rejects.png	/root/workspace/DevTools/k/logs/004_namespace/img/L09.prompt
L10	/root/workspace/DevTools/k/004_kubernetes_namespace/02_LAB/images/10-lab6-limitrange-stickers.png	/root/workspace/DevTools/k/logs/004_namespace/img/L10.prompt
L11	/root/workspace/DevTools/k/004_kubernetes_namespace/02_LAB/images/11-lab7-intern-badge.png	/root/workspace/DevTools/k/logs/004_namespace/img/L11.prompt
L12	/root/workspace/DevTools/k/004_kubernetes_namespace/02_LAB/images/12-lab7-token-context.png	/root/workspace/DevTools/k/logs/004_namespace/img/L12.prompt
L13	/root/workspace/DevTools/k/004_kubernetes_namespace/02_LAB/images/13-lab8-psa-gate.png	/root/workspace/DevTools/k/logs/004_namespace/img/L13.prompt
L14	/root/workspace/DevTools/k/004_kubernetes_namespace/02_LAB/images/14-lab9-delete-zone.png	/root/workspace/DevTools/k/logs/004_namespace/img/L14.prompt
L15	/root/workspace/DevTools/k/004_kubernetes_namespace/02_LAB/images/15-lab10-opening-three-envs.png	/root/workspace/DevTools/k/logs/004_namespace/img/L15.prompt
L16	/root/workspace/DevTools/k/004_kubernetes_namespace/02_LAB/images/16-lab10-downward-namespace.png	/root/workspace/DevTools/k/logs/004_namespace/img/L16.prompt
L17	/root/workspace/DevTools/k/004_kubernetes_namespace/02_LAB/images/17-lab10-prod-guardrails.png	/root/workspace/DevTools/k/logs/004_namespace/img/L17.prompt
L18	/root/workspace/DevTools/k/004_kubernetes_namespace/02_LAB/images/18-lab10-old-shop-rejected.png	/root/workspace/DevTools/k/logs/004_namespace/img/L18.prompt
L19	/root/workspace/DevTools/k/004_kubernetes_namespace/02_LAB/images/19-lab10-prod-quota-third-branch.png	/root/workspace/DevTools/k/logs/004_namespace/img/L19.prompt
L20	/root/workspace/DevTools/k/004_kubernetes_namespace/02_LAB/images/20-lab10-intern-dev-only.png	/root/workspace/DevTools/k/logs/004_namespace/img/L20.prompt
L21	/root/workspace/DevTools/k/004_kubernetes_namespace/02_LAB/images/21-lab10-three-port-forwards.png	/root/workspace/DevTools/k/logs/004_namespace/img/L21.prompt
L22	/root/workspace/DevTools/k/004_kubernetes_namespace/02_LAB/images/22-lab10-delete-dev.png	/root/workspace/DevTools/k/logs/004_namespace/img/L22.prompt
L23	/root/workspace/DevTools/k/004_kubernetes_namespace/02_LAB/images/23-lab10-wrap-up.png	/root/workspace/DevTools/k/logs/004_namespace/img/L23.prompt
