T01	/root/workspace/DevTools/k/008_kubernetes_pv_pvc/01_Theory/images/01-opening-forgot-orders.png	/root/workspace/DevTools/k/logs/008_pv_pvc/img/T01.prompt
T02	/root/workspace/DevTools/k/008_kubernetes_pv_pvc/01_Theory/images/02-recap-007-reseed.png	/root/workspace/DevTools/k/logs/008_pv_pvc/img/T02.prompt
T03	/root/workspace/DevTools/k/008_kubernetes_pv_pvc/01_Theory/images/03-metaphor-legend.png	/root/workspace/DevTools/k/logs/008_pv_pvc/img/T03.prompt
T04	/root/workspace/DevTools/k/008_kubernetes_pv_pvc/01_Theory/images/04-lifetime-ladder.png	/root/workspace/DevTools/k/logs/008_pv_pvc/img/T04.prompt
T05	/root/workspace/DevTools/k/008_kubernetes_pv_pvc/01_Theory/images/05-volume-types-map.png	/root/workspace/DevTools/k/logs/008_pv_pvc/img/T05.prompt
T06	/root/workspace/DevTools/k/008_kubernetes_pv_pvc/01_Theory/images/06-emptydir-detail.png	/root/workspace/DevTools/k/logs/008_pv_pvc/img/T06.prompt
T07	/root/workspace/DevTools/k/008_kubernetes_pv_pvc/01_Theory/images/07-hostpath-danger.png	/root/workspace/DevTools/k/logs/008_pv_pvc/img/T07.prompt
T08	/root/workspace/DevTools/k/008_kubernetes_pv_pvc/01_Theory/images/08-roles-admin-dev.png	/root/workspace/DevTools/k/logs/008_pv_pvc/img/T08.prompt
T09	/root/workspace/DevTools/k/008_kubernetes_pv_pvc/01_Theory/images/09-pvc-anatomy.png	/root/workspace/DevTools/k/logs/008_pv_pvc/img/T09.prompt
T10	/root/workspace/DevTools/k/008_kubernetes_pv_pvc/01_Theory/images/10-pv-anatomy.png	/root/workspace/DevTools/k/logs/008_pv_pvc/img/T10.prompt
T11	/root/workspace/DevTools/k/008_kubernetes_pv_pvc/01_Theory/images/11-pod-uses-pvc.png	/root/workspace/DevTools/k/logs/008_pv_pvc/img/T11.prompt
T12	/root/workspace/DevTools/k/008_kubernetes_pv_pvc/01_Theory/images/12-static-flow.png	/root/workspace/DevTools/k/logs/008_pv_pvc/img/T12.prompt
T13	/root/workspace/DevTools/k/008_kubernetes_pv_pvc/01_Theory/images/13-storageclass-empty-string.png	/root/workspace/DevTools/k/logs/008_pv_pvc/img/T13.prompt
T14	/root/workspace/DevTools/k/008_kubernetes_pv_pvc/01_Theory/images/14-matching-rules.png	/root/workspace/DevTools/k/logs/008_pv_pvc/img/T14.prompt
T15	/root/workspace/DevTools/k/008_kubernetes_pv_pvc/01_Theory/images/15-claimref-volumename.png	/root/workspace/DevTools/k/logs/008_pv_pvc/img/T15.prompt
T16	/root/workspace/DevTools/k/008_kubernetes_pv_pvc/01_Theory/images/16-dynamic-flow.png	/root/workspace/DevTools/k/logs/008_pv_pvc/img/T16.prompt
T17	/root/workspace/DevTools/k/008_kubernetes_pv_pvc/01_Theory/images/17-default-storageclass.png	/root/workspace/DevTools/k/logs/008_pv_pvc/img/T17.prompt
T18	/root/workspace/DevTools/k/008_kubernetes_pv_pvc/01_Theory/images/18-local-path-inside.png	/root/workspace/DevTools/k/logs/008_pv_pvc/img/T18.prompt
T19	/root/workspace/DevTools/k/008_kubernetes_pv_pvc/01_Theory/images/19-csi-concept.png	/root/workspace/DevTools/k/logs/008_pv_pvc/img/T19.prompt
T20	/root/workspace/DevTools/k/008_kubernetes_pv_pvc/01_Theory/images/20-access-modes-doors.png	/root/workspace/DevTools/k/logs/008_pv_pvc/img/T20.prompt
T21	/root/workspace/DevTools/k/008_kubernetes_pv_pvc/01_Theory/images/21-local-path-truth.png	/root/workspace/DevTools/k/logs/008_pv_pvc/img/T21.prompt
T22	/root/workspace/DevTools/k/008_kubernetes_pv_pvc/01_Theory/images/22-rwo-not-one-pod.png	/root/workspace/DevTools/k/logs/008_pv_pvc/img/T22.prompt
T23	/root/workspace/DevTools/k/008_kubernetes_pv_pvc/01_Theory/images/23-phases.png	/root/workspace/DevTools/k/logs/008_pv_pvc/img/T23.prompt
T24	/root/workspace/DevTools/k/008_kubernetes_pv_pvc/01_Theory/images/24-wffc-vs-immediate.png	/root/workspace/DevTools/k/logs/008_pv_pvc/img/T24.prompt
T25	/root/workspace/DevTools/k/008_kubernetes_pv_pvc/01_Theory/images/25-delete-vs-retain.png	/root/workspace/DevTools/k/logs/008_pv_pvc/img/T25.prompt
T26	/root/workspace/DevTools/k/008_kubernetes_pv_pvc/01_Theory/images/26-released-rescue.png	/root/workspace/DevTools/k/logs/008_pv_pvc/img/T26.prompt
T27	/root/workspace/DevTools/k/008_kubernetes_pv_pvc/01_Theory/images/27-finalizers.png	/root/workspace/DevTools/k/logs/008_pv_pvc/img/T27.prompt
T28	/root/workspace/DevTools/k/008_kubernetes_pv_pvc/01_Theory/images/28-expansion.png	/root/workspace/DevTools/k/logs/008_pv_pvc/img/T28.prompt
T29	/root/workspace/DevTools/k/008_kubernetes_pv_pvc/01_Theory/images/29-subpath-readonly.png	/root/workspace/DevTools/k/logs/008_pv_pvc/img/T29.prompt
T30	/root/workspace/DevTools/k/008_kubernetes_pv_pvc/01_Theory/images/30-fsgroup-postgres.png	/root/workspace/DevTools/k/logs/008_pv_pvc/img/T30.prompt
T31	/root/workspace/DevTools/k/008_kubernetes_pv_pvc/01_Theory/images/31-node-down-pv-affinity.png	/root/workspace/DevTools/k/logs/008_pv_pvc/img/T31.prompt
T32	/root/workspace/DevTools/k/008_kubernetes_pv_pvc/01_Theory/images/32-storage-quota.png	/root/workspace/DevTools/k/logs/008_pv_pvc/img/T32.prompt
T33	/root/workspace/DevTools/k/008_kubernetes_pv_pvc/01_Theory/images/33-ephemeral-volume.png	/root/workspace/DevTools/k/logs/008_pv_pvc/img/T33.prompt
T34	/root/workspace/DevTools/k/008_kubernetes_pv_pvc/01_Theory/images/34-backup-snapshot.png	/root/workspace/DevTools/k/logs/008_pv_pvc/img/T34.prompt
T35	/root/workspace/DevTools/k/008_kubernetes_pv_pvc/01_Theory/images/35-two-postgres-one-folder.png	/root/workspace/DevTools/k/logs/008_pv_pvc/img/T35.prompt
T36	/root/workspace/DevTools/k/008_kubernetes_pv_pvc/01_Theory/images/36-recreate-rwop-guard.png	/root/workspace/DevTools/k/logs/008_pv_pvc/img/T36.prompt
T37	/root/workspace/DevTools/k/008_kubernetes_pv_pvc/01_Theory/images/37-summary-table.png	/root/workspace/DevTools/k/logs/008_pv_pvc/img/T37.prompt
T38	/root/workspace/DevTools/k/008_kubernetes_pv_pvc/01_Theory/images/38-command-cheatsheet.png	/root/workspace/DevTools/k/logs/008_pv_pvc/img/T38.prompt
T39	/root/workspace/DevTools/k/008_kubernetes_pv_pvc/01_Theory/images/39-next-statefulset.png	/root/workspace/DevTools/k/logs/008_pv_pvc/img/T39.prompt
L01	/root/workspace/DevTools/k/008_kubernetes_pv_pvc/02_LAB/images/01-lab0-prepare.png	/root/workspace/DevTools/k/logs/008_pv_pvc/img/L01.prompt
L02	/root/workspace/DevTools/k/008_kubernetes_pv_pvc/02_LAB/images/02-lab1-emptydir.png	/root/workspace/DevTools/k/logs/008_pv_pvc/img/L02.prompt
L03	/root/workspace/DevTools/k/008_kubernetes_pv_pvc/02_LAB/images/03-lab2-hostpath.png	/root/workspace/DevTools/k/logs/008_pv_pvc/img/L03.prompt
L04	/root/workspace/DevTools/k/008_kubernetes_pv_pvc/02_LAB/images/04-lab3-first-pvc.png	/root/workspace/DevTools/k/logs/008_pv_pvc/img/L04.prompt
L05	/root/workspace/DevTools/k/008_kubernetes_pv_pvc/02_LAB/images/05-lab3-peek-node.png	/root/workspace/DevTools/k/logs/008_pv_pvc/img/L05.prompt
L06	/root/workspace/DevTools/k/008_kubernetes_pv_pvc/02_LAB/images/06-lab4-static-pv.png	/root/workspace/DevTools/k/logs/008_pv_pvc/img/L06.prompt
L07	/root/workspace/DevTools/k/008_kubernetes_pv_pvc/02_LAB/images/07-lab5-access-modes.png	/root/workspace/DevTools/k/logs/008_pv_pvc/img/L07.prompt
L08	/root/workspace/DevTools/k/008_kubernetes_pv_pvc/02_LAB/images/08-lab5-size-not-enforced.png	/root/workspace/DevTools/k/logs/008_pv_pvc/img/L08.prompt
L09	/root/workspace/DevTools/k/008_kubernetes_pv_pvc/02_LAB/images/09-lab6-finalizer-delete.png	/root/workspace/DevTools/k/logs/008_pv_pvc/img/L09.prompt
L10	/root/workspace/DevTools/k/008_kubernetes_pv_pvc/02_LAB/images/10-lab6-retain-rescue.png	/root/workspace/DevTools/k/logs/008_pv_pvc/img/L10.prompt
L11	/root/workspace/DevTools/k/008_kubernetes_pv_pvc/02_LAB/images/11-lab7-storageclass.png	/root/workspace/DevTools/k/logs/008_pv_pvc/img/L11.prompt
L12	/root/workspace/DevTools/k/008_kubernetes_pv_pvc/02_LAB/images/12-lab8-node-down.png	/root/workspace/DevTools/k/logs/008_pv_pvc/img/L12.prompt
L13	/root/workspace/DevTools/k/008_kubernetes_pv_pvc/02_LAB/images/13-lab9-quota-ephemeral.png	/root/workspace/DevTools/k/logs/008_pv_pvc/img/L13.prompt
L14	/root/workspace/DevTools/k/008_kubernetes_pv_pvc/02_LAB/images/14-lab10-architecture.png	/root/workspace/DevTools/k/logs/008_pv_pvc/img/L14.prompt
L15	/root/workspace/DevTools/k/008_kubernetes_pv_pvc/02_LAB/images/15-lab10-first-orders.png	/root/workspace/DevTools/k/logs/008_pv_pvc/img/L15.prompt
L16	/root/workspace/DevTools/k/008_kubernetes_pv_pvc/02_LAB/images/16-lab10-delete-pod-db.png	/root/workspace/DevTools/k/logs/008_pv_pvc/img/L16.prompt
L17	/root/workspace/DevTools/k/008_kubernetes_pv_pvc/02_LAB/images/17-lab10-delete-deploy.png	/root/workspace/DevTools/k/logs/008_pv_pvc/img/L17.prompt
L18	/root/workspace/DevTools/k/008_kubernetes_pv_pvc/02_LAB/images/18-lab10-peek-pgdata.png	/root/workspace/DevTools/k/logs/008_pv_pvc/img/L18.prompt
L19	/root/workspace/DevTools/k/008_kubernetes_pv_pvc/02_LAB/images/19-lab10-scale-two.png	/root/workspace/DevTools/k/logs/008_pv_pvc/img/L19.prompt
L20	/root/workspace/DevTools/k/008_kubernetes_pv_pvc/02_LAB/images/20-lab10-corruption.png	/root/workspace/DevTools/k/logs/008_pv_pvc/img/L20.prompt
L21	/root/workspace/DevTools/k/008_kubernetes_pv_pvc/02_LAB/images/21-lab10-delete-pvc.png	/root/workspace/DevTools/k/logs/008_pv_pvc/img/L21.prompt
L22	/root/workspace/DevTools/k/008_kubernetes_pv_pvc/02_LAB/images/22-lab10-retain-rwop.png	/root/workspace/DevTools/k/logs/008_pv_pvc/img/L22.prompt
L23	/root/workspace/DevTools/k/008_kubernetes_pv_pvc/02_LAB/images/23-lab10-rescue-retained.png	/root/workspace/DevTools/k/logs/008_pv_pvc/img/L23.prompt
L24	/root/workspace/DevTools/k/008_kubernetes_pv_pvc/02_LAB/images/24-lab10-wrap-up.png	/root/workspace/DevTools/k/logs/008_pv_pvc/img/L24.prompt
